,phi_loss,phi_std,avg_pred_loss,avg_pred_std,before_loss,before_std,folder,timestamp,checkpoint_dir_name,done,training_iteration,trial_id,date,time_this_iter_s,time_total_s,pid,hostname,node_ip,time_since_restore,iterations_since_restore,config/learning_rate,config/alpha,config/phi_first_out,config/phi_second_out,config/discrim_hidden,config/dim_a,logdir
0,5.130357791154374,1.625076715940596,8.368166382361677,2.507451045234803,8.601614222277812,2.6316270011156018,05_29_202412_02_18_cmd_residual,1716999430,,False,1,f74d4957,2024-05-29_12-17-10,891.5959892272949,891.5959892272949,26627,CICSUNIX-US-003,172.31.105.37,891.5959892272949,1,4.1133510352469094e-05,0.1580403404496402,30,80,50,3,f74d4957
1,2.0526450839814947,0.46659491497890193,8.368166382361677,2.507451045234803,8.601614222277812,2.6316270011156018,05_29_202412_17_11_cmd_residual,1717000398,,False,1,450788fc,2024-05-29_12-33-18,966.9416303634644,966.9416303634644,236537,CICSUNIX-US-003,172.31.105.37,966.9416303634644,1,0.0011735693192061563,0.07858527639708336,40,90,10,4,450788fc
2,2.2080161701351,0.5711010559882586,8.368166382361677,2.507451045234803,8.601614222277812,2.6316270011156018,05_29_202412_33_21_cmd_residual,1717001529,,False,1,ad897a91,2024-05-29_12-52-09,1128.63547873497,1128.63547873497,446196,CICSUNIX-US-003,172.31.105.37,1128.63547873497,1,0.00036477869091136134,0.16602218354980916,80,80,20,4,ad897a91
3,1.9735615754129714,0.4436884916000992,8.368166382361677,2.507451045234803,8.601614222277812,2.6316270011156018,05_29_202412_52_12_cmd_residual,1717002472,,False,1,5a843eff,2024-05-29_13-07-52,940.4926970005035,940.4926970005035,656559,CICSUNIX-US-003,172.31.105.37,940.4926970005035,1,0.003236210130699881,0.059444718870583904,40,60,50,5,5a843eff
4,2.9086840957612057,0.79070041445011,8.368166382361677,2.507451045234803,8.601614222277812,2.6316270011156018,05_29_202413_07_54_cmd_residual,1717003468,,True,1,c8ea35e1,2024-05-29_13-24-28,994.3897724151611,994.3897724151611,866036,CICSUNIX-US-003,172.31.105.37,994.3897724151611,1,0.00011862858020472497,0.07265963583251159,70,60,20,4,c8ea35e1
5,7.063635797700381,2.1493713042316327,8.368166382361677,2.507451045234803,8.601614222277812,2.6316270011156018,05_29_202413_24_30_cmd_residual,1717004360,,True,1,9a248d81,2024-05-29_13-39-20,890.1686501502991,890.1686501502991,1075613,CICSUNIX-US-003,172.31.105.37,890.1686501502991,1,9.617583623594515e-06,0.03186444581237558,30,80,30,4,9a248d81
6,6.856483001115401,2.0443081849957525,8.368166382361677,2.507451045234803,8.601614222277812,2.6316270011156018,05_29_202413_39_22_cmd_residual,1717005278,,True,1,bf39ec7b,2024-05-29_13-54-38,916.107869386673,916.107869386673,1284807,CICSUNIX-US-003,172.31.105.37,916.107869386673,1,9.23526017214605e-06,0.1807070736889605,50,60,50,5,bf39ec7b
7,5.151374973561204,1.7324619835070123,8.368166382361677,2.507451045234803,8.601614222277812,2.6316270011156018,05_29_202413_54_40_cmd_residual,1717006220,,True,1,19c65310,2024-05-29_14-10-20,940.0118327140808,940.0118327140808,1493971,CICSUNIX-US-003,172.31.105.37,940.0118327140808,1,4.034974598905696e-05,0.07202464289837222,60,50,10,5,19c65310
8,5.187628871447394,1.7411798664230838,8.368166382361677,2.507451045234803,8.601614222277812,2.6316270011156018,05_29_202414_10_22_cmd_residual,1717007171,,True,1,4d69f165,2024-05-29_14-26-11,948.7660291194916,948.7660291194916,1703535,CICSUNIX-US-003,172.31.105.37,948.7660291194916,1,3.0953032836156144e-05,0.17999281076904372,70,40,10,4,4d69f165
9,6.433289676478077,2.0034389569707054,8.368166382361677,2.507451045234803,8.601614222277812,2.6316270011156018,05_29_202414_26_13_cmd_residual,1717008160,,True,1,281738f2,2024-05-29_14-42-40,987.3359608650208,987.3359608650208,1913171,CICSUNIX-US-003,172.31.105.37,987.3359608650208,1,1.0127638645533162e-05,0.1879729061401752,50,80,30,5,281738f2
10,4.41600499682888,1.3965401370381516,8.368166382361677,2.507451045234803,8.601614222277812,2.6316270011156018,05_29_202414_42_42_cmd_residual,1717009159,,True,1,bbc535d5,2024-05-29_14-59-19,996.4691536426544,996.4691536426544,2122770,CICSUNIX-US-003,172.31.105.37,996.4691536426544,1,4.471825856668363e-05,0.1167168242675431,50,80,40,4,bbc535d5
11,2.3059629177536936,0.6229593465617169,8.368166382361677,2.507451045234803,8.601614222277812,2.6316270011156018,05_29_202414_59_20_cmd_residual,1717010069,,False,1,b3940997,2024-05-29_15-14-29,909.0145070552826,909.0145070552826,2332398,CICSUNIX-US-003,172.31.105.37,909.0145070552826,1,0.0040197665700609,0.020027994323725207,40,70,40,6,b3940997
12,1.9756491998398185,0.48557729519862064,8.368166382361677,2.507451045234803,8.601614222277812,2.6316270011156018,05_29_202415_14_31_cmd_residual,1717011013,,False,1,70c10ee0,2024-05-29_15-30-13,941.4515299797058,941.4515299797058,2541617,CICSUNIX-US-003,172.31.105.37,941.4515299797058,1,0.004784286740186565,0.012950469716860244,40,90,10,6,70c10ee0
13,2.2720473987983913,0.537993850223189,8.368166382361677,2.507451045234803,8.601614222277812,2.6316270011156018,05_29_202415_30_14_cmd_residual,1717011982,,True,1,6d576714,2024-05-29_15-46-22,967.4990301132202,967.4990301132202,2751085,CICSUNIX-US-003,172.31.105.37,967.4990301132202,1,0.0037791321850800482,0.07153071926045186,40,90,50,3,6d576714
14,1.8630456807419926,0.42473654733171956,8.368166382361677,2.507451045234803,8.601614222277812,2.6316270011156018,05_29_202415_46_24_cmd_residual,1717012950,,False,1,e7fb9e4a,2024-05-29_16-02-30,966.5483071804047,966.5483071804047,2960529,CICSUNIX-US-003,172.31.105.37,966.5483071804047,1,0.004256472862772757,0.03979791389129199,40,90,50,6,e7fb9e4a
15,1.9289165702890767,0.430218369783141,8.368166382361677,2.507451045234803,8.601614222277812,2.6316270011156018,05_29_202416_02_32_cmd_residual,1717013942,,False,1,a9273e55,2024-05-29_16-19-02,990.0946362018585,990.0946362018585,3170458,CICSUNIX-US-003,172.31.105.37,990.0946362018585,1,0.0011687929834834124,0.041706310495914625,40,90,50,6,a9273e55
16,1.9309693735590576,0.43551737720547096,8.368166382361677,2.507451045234803,8.601614222277812,2.6316270011156018,05_29_202416_19_04_cmd_residual,1717014890,,False,1,4a749197,2024-05-29_16-34-50,946.3090751171112,946.3090751171112,3380057,CICSUNIX-US-003,172.31.105.37,946.3090751171112,1,0.0010834720993633798,0.04257498289836444,40,60,50,6,4a749197
17,1.880220233877367,0.44310962677182053,8.368166382361677,2.507451045234803,8.601614222277812,2.6316270011156018,05_29_202416_34_52_cmd_residual,1717015895,,False,1,2e2ad0ae,2024-05-29_16-51-35,1003.5600047111511,1003.5600047111511,3590435,CICSUNIX-US-003,172.31.105.37,1003.5600047111511,1,0.0009372458095549105,0.11266026174765129,60,90,50,6,2e2ad0ae
18,1.8277222380960059,0.41600389478056715,8.368166382361677,2.507451045234803,8.601614222277812,2.6316270011156018,05_29_202416_51_37_cmd_residual,1717016876,,False,1,6f1f2694,2024-05-29_17-07-56,979.3694398403168,979.3694398403168,3800651,CICSUNIX-US-003,172.31.105.37,979.3694398403168,1,0.0011947060100767838,0.12141248060142645,60,90,50,6,6f1f2694
19,2.0691719154893686,0.507565482213026,8.368166382361677,2.507451045234803,8.601614222277812,2.6316270011156018,05_29_202417_07_58_cmd_residual,1717017832,,True,1,b1ebfaa3,2024-05-29_17-23-52,953.6538269519806,953.6538269519806,4011859,CICSUNIX-US-003,172.31.105.37,953.6538269519806,1,0.0004967608141588615,0.12200168184065492,60,90,50,6,b1ebfaa3
20,2.091386974061246,0.49398480500272623,8.368166382361677,2.507451045234803,8.601614222277812,2.6316270011156018,05_29_202417_23_53_cmd_residual,1717018775,,True,1,46dd8e39,2024-05-29_17-39-35,941.5792765617371,941.5792765617371,28575,CICSUNIX-US-003,172.31.105.37,941.5792765617371,1,0.00039455756969302493,0.13729054290885684,60,50,50,6,46dd8e39
21,1.8246480739436484,0.4341797953796969,8.368166382361677,2.507451045234803,8.601614222277812,2.6316270011156018,05_29_202417_39_36_cmd_residual,1717019778,,False,1,a37247ec,2024-05-29_17-56-18,1001.1714498996735,1001.1714498996735,238022,CICSUNIX-US-003,172.31.105.37,1001.1714498996735,1,0.002296676712041213,0.14563140359106452,80,50,30,6,a37247ec
22,1.8747074828218735,0.4478499338409284,8.368166382361677,2.507451045234803,8.601614222277812,2.6316270011156018,05_29_202417_56_20_cmd_residual,1717020781,,False,1,9710bf75,2024-05-29_18-13-01,1001.6659426689148,1001.6659426689148,448297,CICSUNIX-US-003,172.31.105.37,1001.6659426689148,1,0.002272434493381524,0.09450789871233203,60,90,50,6,9710bf75
23,1.8487267962443856,0.44859724905075676,8.368166382361677,2.507451045234803,8.601614222277812,2.6316270011156018,05_29_202418_13_03_cmd_residual,1717021819,,False,1,40487783,2024-05-29_18-30-19,1036.1955964565277,1036.1955964565277,658270,CICSUNIX-US-003,172.31.105.37,1036.1955964565277,1,0.0020800033728155423,0.141859587239607,80,50,30,6,40487783
24,1.9892342756191188,0.4553206724137175,8.368166382361677,2.507451045234803,8.601614222277812,2.6316270011156018,05_29_202418_30_21_cmd_residual,1717022839,,True,1,4d7969b8,2024-05-29_18-47-19,1017.9412331581116,1017.9412331581116,868207,CICSUNIX-US-003,172.31.105.37,1017.9412331581116,1,0.0020317874210765857,0.14118866910487818,80,50,30,6,4d7969b8
25,1.8423281406946834,0.4120604123579803,8.368166382361677,2.507451045234803,8.601614222277812,2.6316270011156018,05_29_202418_47_21_cmd_residual,1717023841,,False,1,26abd3be,2024-05-29_19-04-01,999.9344689846039,999.9344689846039,1077917,CICSUNIX-US-003,172.31.105.37,999.9344689846039,1,0.001996189046300208,0.1393882066356226,80,50,30,6,26abd3be
26,2.875851407238832,0.7092143253639603,8.368166382361677,2.507451045234803,8.601614222277812,2.6316270011156018,05_29_202419_04_03_cmd_residual,1717024878,,True,1,505fad0f,2024-05-29_19-21-18,1034.3867354393005,1034.3867354393005,1287615,CICSUNIX-US-003,172.31.105.37,1034.3867354393005,1,0.00018873331890980146,0.13766466006452988,80,50,30,3,505fad0f
27,2.908601682483709,0.7556714346067719,8.368166382361677,2.507451045234803,8.601614222277812,2.6316270011156018,05_29_202419_21_19_cmd_residual,1717025922,,True,1,3aaca32c,2024-05-29_19-38-42,1042.343113899231,1042.343113899231,1497430,CICSUNIX-US-003,172.31.105.37,1042.343113899231,1,0.00016438694099094148,0.09617489819721808,80,50,30,3,3aaca32c
28,1.9302704585728057,0.4396415184057347,8.368166382361677,2.507451045234803,8.601614222277812,2.6316270011156018,05_29_202419_38_43_cmd_residual,1717027046,,True,1,abf2dd5f,2024-05-29_19-57-26,1122.8773965835571,1122.8773965835571,1707357,CICSUNIX-US-003,172.31.105.37,1122.8773965835571,1,0.0006464286206296763,0.10194554740463986,80,70,30,6,abf2dd5f
29,2.0786264594255544,0.5115955148377954,8.368166382361677,2.507451045234803,8.601614222277812,2.6316270011156018,05_29_202419_57_29_cmd_residual,1717028038,,True,1,cb3cc8cb,2024-05-29_20-13-58,989.4881167411804,989.4881167411804,1917851,CICSUNIX-US-003,172.31.105.37,989.4881167411804,1,0.0014855582708257827,0.157728888968929,80,40,30,6,cb3cc8cb
30,2.2843485865431,0.5624903427429687,8.368166382361677,2.507451045234803,8.601614222277812,2.6316270011156018,05_29_202420_14_00_cmd_residual,1717028956,,True,1,20fc0554,2024-05-29_20-29-16,916.6509327888489,916.6509327888489,2127429,CICSUNIX-US-003,172.31.105.37,916.6509327888489,1,0.001984172702124319,0.15978492846963668,30,40,30,6,20fc0554
31,2.271539625754327,0.5294184437908677,8.368166382361677,2.507451045234803,8.601614222277812,2.6316270011156018,05_29_202420_29_18_cmd_residual,1717029831,,True,1,3929681f,2024-05-29_20-43-51,872.7192962169647,872.7192962169647,2336637,CICSUNIX-US-003,172.31.105.37,872.7192962169647,1,0.0006803933039798779,0.19981714821819907,30,50,40,6,3929681f
32,1.8094843055230645,0.41826392174365745,8.368166382361677,2.507451045234803,8.601614222277812,2.6316270011156018,05_29_202420_43_53_cmd_residual,1717030831,,False,1,ff40cc07,2024-05-29_21-00-31,998.0241830348969,998.0241830348969,2545598,CICSUNIX-US-003,172.31.105.37,998.0241830348969,1,0.00243956958807238,0.12968197743541418,80,50,30,6,ff40cc07
33,1.7955696860858128,0.42393401200218733,8.368166382361677,2.507451045234803,8.601614222277812,2.6316270011156018,05_29_202421_00_33_cmd_residual,1717031810,,False,1,804f3bff,2024-05-29_21-16-50,976.4479510784149,976.4479510784149,2755360,CICSUNIX-US-003,172.31.105.37,976.4479510784149,1,0.0019349919193502403,0.14726613929961346,80,50,30,6,804f3bff
34,1.9175845847702646,0.4246267690232691,8.368166382361677,2.507451045234803,8.601614222277812,2.6316270011156018,05_29_202421_16_51_cmd_residual,1717032828,,True,1,bb3844c6,2024-05-29_21-33-48,1016.3575088977814,1016.3575088977814,2964825,CICSUNIX-US-003,172.31.105.37,1016.3575088977814,1,0.0028034739858637686,0.12392683830069245,80,50,20,6,bb3844c6
35,1.8825658396411844,0.4436372608278667,8.368166382361677,2.507451045234803,8.601614222277812,2.6316270011156018,05_29_202421_33_49_cmd_residual,1717033810,,False,1,30f0c892,2024-05-29_21-50-10,980.8924219608307,980.8924219608307,3175009,CICSUNIX-US-003,172.31.105.37,980.8924219608307,1,0.002989054666364985,0.1261695743073368,80,50,20,6,30f0c892
36,2.74296370400646,0.6728873621221397,8.368166382361677,2.507451045234803,8.601614222277812,2.6316270011156018,05_29_202421_50_13_cmd_residual,1717034835,,True,1,4c521006,2024-05-29_22-07-15,1022.3480553627014,1022.3480553627014,3384541,CICSUNIX-US-003,172.31.105.37,1022.3480553627014,1,0.00027264059759433366,0.1524441832807412,80,50,30,3,4c521006
37,2.2904670749548317,0.546730528109498,8.368166382361677,2.507451045234803,8.601614222277812,2.6316270011156018,05_29_202422_07_17_cmd_residual,1717035871,,True,1,e4ec8f27,2024-05-29_22-24-31,1034.4643075466156,1034.4643075466156,3594743,CICSUNIX-US-003,172.31.105.37,1034.4643075466156,1,0.0013815911676010254,0.15246423047046445,70,70,30,3,e4ec8f27
38,2.1283634642551026,0.5735469485332018,8.368166382361677,2.507451045234803,8.601614222277812,2.6316270011156018,05_29_202422_24_33_cmd_residual,1717036948,,True,1,54cec6de,2024-05-29_22-42-28,1074.6094064712524,1074.6094064712524,3804524,CICSUNIX-US-003,172.31.105.37,1074.6094064712524,1,0.0009195394569830768,0.1675592250850816,70,70,30,5,54cec6de
39,1.9283604660218527,0.43991322448775105,8.368166382361677,2.507451045234803,8.601614222277812,2.6316270011156018,05_29_202422_42_29_cmd_residual,1717037991,,True,1,89c230e7,2024-05-29_22-59-51,1041.6367020606995,1041.6367020606995,4014760,CICSUNIX-US-003,172.31.105.37,1041.6367020606995,1,0.0008793158581230388,0.17075608608581558,80,50,30,5,89c230e7
40,2.0344721351449073,0.4776932841927673,8.368166382361677,2.507451045234803,8.601614222277812,2.6316270011156018,05_29_202422_59_52_cmd_residual,1717038948,,True,1,66c04e95,2024-05-29_23-15-48,956.1761207580566,956.1761207580566,31937,CICSUNIX-US-003,172.31.105.37,956.1761207580566,1,0.0007014077961717275,0.12950562277667435,60,50,20,4,66c04e95
41,2.486604661419704,0.6375573353991957,8.368166382361677,2.507451045234803,8.601614222277812,2.6316270011156018,05_29_202423_15_50_cmd_residual,1717039894,,True,1,ffc72e8d,2024-05-29_23-31-34,943.7076053619385,943.7076053619385,241442,CICSUNIX-US-003,172.31.105.37,943.7076053619385,1,0.000275987171679366,0.10753098978125883,60,60,20,4,ffc72e8d
42,1.818663917830724,0.4098588533760583,8.368166382361677,2.507451045234803,8.601614222277812,2.6316270011156018,05_29_202423_31_36_cmd_residual,1717040883,,False,1,37240105,2024-05-29_23-48-03,986.0502653121948,986.0502653121948,450864,CICSUNIX-US-003,172.31.105.37,986.0502653121948,1,0.001486134216113971,0.11056536876773526,80,50,30,6,37240105
43,1.9551221159691459,0.46957686639464813,8.368166382361677,2.507451045234803,8.601614222277812,2.6316270011156018,05_29_202423_48_05_cmd_residual,1717041933,,True,1,6ed0d9f1,2024-05-30_00-05-33,1048.161003112793,1048.161003112793,660434,CICSUNIX-US-003,172.31.105.37,1048.161003112793,1,0.0016793578911717321,0.1484358638851662,80,50,30,6,6ed0d9f1
44,1.9277763669477919,0.44022901893048966,8.368166382361677,2.507451045234803,8.601614222277812,2.6316270011156018,05_30_202400_05_35_cmd_residual,1717042957,,True,1,e164f59f,2024-05-30_00-22-37,1022.476808309555,1022.476808309555,870397,CICSUNIX-US-003,172.31.105.37,1022.476808309555,1,0.0014882020206551825,0.08606307222505803,80,50,30,6,e164f59f
45,1.8907656779347057,0.4145694410664304,8.368166382361677,2.507451045234803,8.601614222277812,2.6316270011156018,05_30_202400_22_39_cmd_residual,1717043967,,False,1,7540f0ad,2024-05-30_00-39-27,1008.4148182868958,1008.4148182868958,1080134,CICSUNIX-US-003,172.31.105.37,1008.4148182868958,1,0.0029076054147322726,0.08746615040552493,50,80,10,6,7540f0ad
46,1.8667161995827406,0.43619538665787877,8.368166382361677,2.507451045234803,8.601614222277812,2.6316270011156018,05_30_202400_39_29_cmd_residual,1717044943,,False,1,f0217341,2024-05-30_00-55-43,974.0020282268524,974.0020282268524,1289849,CICSUNIX-US-003,172.31.105.37,974.0020282268524,1,0.0027227208013301013,0.11485357333519808,50,80,10,6,f0217341
47,1.8766500184144135,0.4013488705494041,8.368166382361677,2.507451045234803,8.601614222277812,2.6316270011156018,05_30_202400_55_45_cmd_residual,1717045960,,False,1,baf5a922,2024-05-30_01-12-40,1014.4090270996094,1014.4090270996094,1499324,CICSUNIX-US-003,172.31.105.37,1014.4090270996094,1,0.0035453996186462105,0.11472067946123864,80,50,30,6,baf5a922
48,3.545391170587753,1.0591540175786862,8.368166382361677,2.507451045234803,8.601614222277812,2.6316270011156018,05_30_202401_12_41_cmd_residual,1717046987,,True,1,8c2c78d5,2024-05-30_01-29-47,1025.5756907463074,1025.5756907463074,1709592,CICSUNIX-US-003,172.31.105.37,1025.5756907463074,1,7.656936107202255e-05,0.12923365598174005,80,50,40,6,8c2c78d5
49,4.335698605567858,1.4196754419873467,8.368166382361677,2.507451045234803,8.601614222277812,2.6316270011156018,05_30_202401_29_49_cmd_residual,1717047899,,True,1,d1a1da8c,2024-05-30_01-44-59,910.4034175872803,910.4034175872803,1919587,CICSUNIX-US-003,172.31.105.37,910.4034175872803,1,8.756585647239693e-05,0.1328977534047268,30,40,40,6,d1a1da8c
50,6.690523483747674,2.0893695366150244,8.368166382361677,2.507451045234803,8.601614222277812,2.6316270011156018,05_30_202401_45_01_cmd_residual,1717048828,,True,1,8d58e1a2,2024-05-30_02-00-28,927.8294973373413,927.8294973373413,2128755,CICSUNIX-US-003,172.31.105.37,927.8294973373413,1,1.8684791531138508e-05,0.1780011267029463,30,40,30,5,8d58e1a2
51,7.051915760562788,2.200846724637223,8.368166382361677,2.507451045234803,8.601614222277812,2.6316270011156018,05_30_202402_00_31_cmd_residual,1717049879,,True,1,46b8df55,2024-05-30_02-17-59,1048.5592482089996,1048.5592482089996,2338044,CICSUNIX-US-003,172.31.105.37,1048.5592482089996,1,5.703498695040361e-06,0.14547277286429056,70,60,30,5,46b8df55
52,2.0531306995709007,0.49056071444197863,8.368166382361677,2.507451045234803,8.601614222277812,2.6316270011156018,05_30_202402_18_01_cmd_residual,1717050912,,True,1,045bd2a8,2024-05-30_02-35-12,1031.4492926597595,1031.4492926597595,2548314,CICSUNIX-US-003,172.31.105.37,1031.4492926597595,1,0.00495244197874887,0.14397351375501166,80,50,30,6,045bd2a8
53,2.587349309823064,0.5551534704888689,8.368166382361677,2.507451045234803,8.601614222277812,2.6316270011156018,05_30_202402_35_14_cmd_residual,1717051939,,True,1,511f7918,2024-05-30_02-52-19,1024.6477794647217,1024.6477794647217,2758277,CICSUNIX-US-003,172.31.105.37,1024.6477794647217,1,0.004996280451436841,0.10434505183333173,80,50,30,6,511f7918
54,1.921141856885715,0.4552415441874805,8.368166382361677,2.507451045234803,8.601614222277812,2.6316270011156018,05_30_202402_52_20_cmd_residual,1717052993,,True,1,8af0269d,2024-05-30_03-09-53,1052.8856105804443,1052.8856105804443,2968480,CICSUNIX-US-003,172.31.105.37,1052.8856105804443,1,0.0013181310095411805,0.10539397005972549,80,50,30,6,8af0269d
55,2.02099684215643,0.4885291331409571,8.368166382361677,2.507451045234803,8.601614222277812,2.6316270011156018,05_30_202403_09_55_cmd_residual,1717054082,,True,1,f5c44966,2024-05-30_03-28-02,1086.7931849956512,1086.7931849956512,3178467,CICSUNIX-US-003,172.31.105.37,1086.7931849956512,1,0.001258514345483984,0.12080284196897036,80,90,30,6,f5c44966
56,1.7890157922616665,0.39050367330988267,8.368166382361677,2.507451045234803,8.601614222277812,2.6316270011156018,05_30_202403_28_04_cmd_residual,1717055157,,False,1,91d44d1a,2024-05-30_03-45-57,1072.1618134975433,1072.1618134975433,3388599,CICSUNIX-US-003,172.31.105.37,1072.1618134975433,1,0.0018383003310828649,0.12136948221333951,80,90,50,6,91d44d1a
57,1.9937672915576918,0.4599344400622003,8.368166382361677,2.507451045234803,8.601614222277812,2.6316270011156018,05_30_202403_45_59_cmd_residual,1717056126,,True,1,f4b08a11,2024-05-30_04-02-06,967.0165929794312,967.0165929794312,3598581,CICSUNIX-US-003,172.31.105.37,967.0165929794312,1,0.001845451046149405,0.15980359274391626,60,90,50,4,f4b08a11
58,2.1225383847104107,0.505013380322225,8.368166382361677,2.507451045234803,8.601614222277812,2.6316270011156018,05_30_202404_02_08_cmd_residual,1717057090,,True,1,6d9bc917,2024-05-30_04-18-10,962.6895129680634,962.6895129680634,3808039,CICSUNIX-US-003,172.31.105.37,962.6895129680634,1,0.0005370029899301283,0.05839184764935794,60,90,50,4,6d9bc917
59,2.1281545440940963,0.5463959170217731,8.368166382361677,2.507451045234803,8.601614222277812,2.6316270011156018,05_30_202404_18_12_cmd_residual,1717058090,,True,1,880785dd,2024-05-30_04-34-50,997.5761916637421,997.5761916637421,4017579,CICSUNIX-US-003,172.31.105.37,997.5761916637421,1,0.000523926475680843,0.13304102238879742,80,90,50,6,880785dd
60,2.018921598927676,0.48913068894578454,8.368166382361677,2.507451045234803,8.601614222277812,2.6316270011156018,05_30_202404_34_51_cmd_residual,1717059146,,True,1,1b75573d,2024-05-30_04-52-26,1054.9837572574615,1054.9837572574615,34484,CICSUNIX-US-003,172.31.105.37,1054.9837572574615,1,0.002432628415376923,0.13430395610937346,80,90,50,6,1b75573d
61,1.9250445368370417,0.44688995881602495,8.368166382361677,2.507451045234803,8.601614222277812,2.6316270011156018,05_30_202404_52_28_cmd_residual,1717060253,,True,1,e467850a,2024-05-30_05-10-53,1104.3630208969116,1104.3630208969116,244518,CICSUNIX-US-003,172.31.105.37,1104.3630208969116,1,0.0025331362949692544,0.12054980579950779,80,90,50,6,e467850a
62,1.8393895169365388,0.4256678003951096,8.368166382361677,2.507451045234803,8.601614222277812,2.6316270011156018,05_30_202405_10_54_cmd_residual,1717061256,,False,1,6884e63d,2024-05-30_05-27-36,1001.9874448776245,1001.9874448776245,454761,CICSUNIX-US-003,172.31.105.37,1001.9874448776245,1,0.0035772409505752585,0.11876640753402627,80,50,50,6,6884e63d
63,1.890447505924215,0.427201650805979,8.368166382361677,2.507451045234803,8.601614222277812,2.6316270011156018,05_30_202405_27_39_cmd_residual,1717062219,,False,1,e04a75e6,2024-05-30_05-43-39,960.8799026012421,960.8799026012421,664422,CICSUNIX-US-003,172.31.105.37,960.8799026012421,1,0.001035894732976269,0.11057780641842702,80,50,30,6,e04a75e6
64,1.8815591522888009,0.41530925002781166,8.368166382361677,2.507451045234803,8.601614222277812,2.6316270011156018,05_30_202405_43_42_cmd_residual,1717063239,,False,1,b34f42cf,2024-05-30_06-00-39,1017.1312291622162,1017.1312291622162,873885,CICSUNIX-US-003,172.31.105.37,1017.1312291622162,1,0.003862851684475098,0.11141255631839586,80,50,50,6,b34f42cf
65,1.8124529960491396,0.39091058678047724,8.368166382361677,2.507451045234803,8.601614222277812,2.6316270011156018,05_30_202406_00_41_cmd_residual,1717064270,,False,1,20e8195b,2024-05-30_06-17-50,1029.2829377651215,1029.2829377651215,1083631,CICSUNIX-US-003,172.31.105.37,1029.2829377651215,1,0.0038755747407729284,0.09401974238371213,80,50,50,6,20e8195b
66,1.9574354002158323,0.45942005056640084,8.368166382361677,2.507451045234803,8.601614222277812,2.6316270011156018,05_30_202406_17_52_cmd_residual,1717065190,,True,1,8c92a492,2024-05-30_06-33-10,917.5389938354492,917.5389938354492,1293432,CICSUNIX-US-003,172.31.105.37,917.5389938354492,1,0.0016529028814269207,0.09920937027783766,40,80,50,6,8c92a492
67,1.9487482573304495,0.44580105571536627,8.368166382361677,2.507451045234803,8.601614222277812,2.6316270011156018,05_30_202406_33_11_cmd_residual,1717066155,,True,1,84410c34,2024-05-30_06-49-15,963.6298413276672,963.6298413276672,1502659,CICSUNIX-US-003,172.31.105.37,963.6298413276672,1,0.0018308530304644733,0.09903412306832872,40,80,50,6,84410c34
68,2.212731128498663,0.5671907412925029,8.368166382361677,2.507451045234803,8.601614222277812,2.6316270011156018,05_30_202406_49_16_cmd_residual,1717067159,,True,1,e3066070,2024-05-30_07-05-59,1003.113799571991,1003.113799571991,1726695,CICSUNIX-US-003,172.31.105.37,1003.113799571991,1,0.0008089892207341,0.09131875528004263,50,90,50,6,e3066070
69,2.5749097992514245,0.609523936110446,8.368166382361677,2.507451045234803,8.601614222277812,2.6316270011156018,05_30_202407_06_01_cmd_residual,1717068245,,True,1,32adbe62,2024-05-30_07-24-05,1084.0095355510712,1084.0095355510712,1937002,CICSUNIX-US-003,172.31.105.37,1084.0095355510712,1,0.0022753971775316077,0.08236861789843455,80,90,10,3,32adbe62
70,2.245323349422881,0.4804720901975361,8.368166382361677,2.507451045234803,8.601614222277812,2.6316270011156018,05_30_202407_24_08_cmd_residual,1717069284,,True,1,b4a8813d,2024-05-30_07-41-24,1036.919177532196,1036.919177532196,2147038,CICSUNIX-US-003,172.31.105.37,1036.919177532196,1,0.0022180292078417103,0.12736758535804885,80,60,10,3,b4a8813d
71,2.2413853954908145,0.5685952373508868,8.368166382361677,2.507451045234803,8.601614222277812,2.6316270011156018,05_30_202407_41_27_cmd_residual,1717070234,,True,1,020ce5eb,2024-05-30_07-57-14,947.5268197059631,947.5268197059631,2357504,CICSUNIX-US-003,172.31.105.37,947.5268197059631,1,0.004091266923919805,0.07820875752799562,60,60,50,6,020ce5eb
72,2.3883776181297227,0.6462957031941958,8.368166382361677,2.507451045234803,8.601614222277812,2.6316270011156018,05_30_202407_57_16_cmd_residual,1717071252,,True,1,500be3ee,2024-05-30_08-14-12,1016.4714891910553,1016.4714891910553,2566875,CICSUNIX-US-003,172.31.105.37,1016.4714891910553,1,0.0034369663561800113,0.11924259202650778,80,50,50,6,500be3ee
73,1.9743787175410383,0.4562245014195929,8.368166382361677,2.507451045234803,8.601614222277812,2.6316270011156018,05_30_202408_14_14_cmd_residual,1717072287,,True,1,dbf145c6,2024-05-30_08-31-27,1033.0299136638641,1033.0299136638641,2776731,CICSUNIX-US-003,172.31.105.37,1033.0299136638641,1,0.003287538237242608,0.11825698735935854,80,50,50,6,dbf145c6
74,2.2072084087604447,0.5799949940677325,8.368166382361677,2.507451045234803,8.601614222277812,2.6316270011156018,05_30_202408_31_29_cmd_residual,1717073314,,True,1,10605871,2024-05-30_08-48-34,1025.0346388816833,1025.0346388816833,2986526,CICSUNIX-US-003,172.31.105.37,1025.0346388816833,1,0.00320115235807926,0.1509619455204806,80,50,50,6,10605871
75,1.8852875796625086,0.4501627691283648,8.368166382361677,2.507451045234803,8.601614222277812,2.6316270011156018,05_30_202408_48_36_cmd_residual,1717074359,,False,1,5f84a8e8,2024-05-30_09-05-59,1042.413304567337,1042.413304567337,3196300,CICSUNIX-US-003,172.31.105.37,1042.413304567337,1,0.001164584213608931,0.14900432191673849,80,50,50,6,5f84a8e8
76,4.268763116899837,1.2677449467921043,8.368166382361677,2.507451045234803,8.601614222277812,2.6316270011156018,05_30_202409_06_00_cmd_residual,1717075351,,True,1,2af4aa88,2024-05-30_09-22-31,990.8287103176117,990.8287103176117,3406126,CICSUNIX-US-003,172.31.105.37,990.8287103176117,1,0.004088458621736573,0.13789715574283798,80,50,50,6,2af4aa88
77,1.8257511500783041,0.40911920402761115,8.368166382361677,2.507451045234803,8.601614222277812,2.6316270011156018,05_30_202409_22_34_cmd_residual,1717076351,,False,1,b919af41,2024-05-30_09-39-11,997.7319605350494,997.7319605350494,3617828,CICSUNIX-US-003,172.31.105.37,997.7319605350494,1,0.0016395212179786012,0.13874491280332385,70,50,40,6,b919af41
78,1.832258471693931,0.4258262517907893,8.368166382361677,2.507451045234803,8.601614222277812,2.6316270011156018,05_30_202409_39_13_cmd_residual,1717077393,,False,1,3c9524d7,2024-05-30_09-56-33,1040.5251030921936,1040.5251030921936,3827920,CICSUNIX-US-003,172.31.105.37,1040.5251030921936,1,0.001618641303183403,0.06357108011103871,70,70,40,6,3c9524d7
79,1.9904007972935722,0.47938416735157185,8.368166382361677,2.507451045234803,8.601614222277812,2.6316270011156018,05_30_202409_56_35_cmd_residual,1717078458,,True,1,41b0764c,2024-05-30_10-14-18,1063.1082079410553,1063.1082079410553,4038388,CICSUNIX-US-003,172.31.105.37,1063.1082079410553,1,0.0010658713245967346,0.06776283537534786,70,70,40,6,41b0764c
80,2.1199739019167714,0.518004493658809,8.368166382361677,2.507451045234803,8.601614222277812,2.6316270011156018,05_30_202410_14_20_cmd_residual,1717079469,,True,1,899c8dfc,2024-05-30_10-31-09,1009.4100503921509,1009.4100503921509,57448,CICSUNIX-US-003,172.31.105.37,1009.4100503921509,1,0.0007808413680000404,0.12630463768658615,70,50,40,6,899c8dfc
81,1.8584195108502382,0.4134805084105924,8.368166382361677,2.507451045234803,8.601614222277812,2.6316270011156018,05_30_202410_31_11_cmd_residual,1717080466,,False,1,5de4e856,2024-05-30_10-47-46,994.628692150116,994.628692150116,267487,CICSUNIX-US-003,172.31.105.37,994.628692150116,1,0.00139868210675036,0.1572962599285146,70,50,40,6,5de4e856
82,1.7744720466108062,0.3741448026974712,8.368166382361677,2.507451045234803,8.601614222277812,2.6316270011156018,05_30_202410_47_47_cmd_residual,1717081533,,False,1,905a33cf,2024-05-30_11-05-33,1065.3454625606537,1065.3454625606537,477657,CICSUNIX-US-003,172.31.105.37,1065.3454625606537,1,0.0014976579721154206,0.05507153832249802,70,70,40,6,905a33cf
83,1.9930428116384757,0.4940703207899224,8.368166382361677,2.507451045234803,8.601614222277812,2.6316270011156018,05_30_202411_05_34_cmd_residual,1717082602,,True,1,9c0a23ca,2024-05-30_11-23-22,1067.077484846115,1067.077484846115,687826,CICSUNIX-US-003,172.31.105.37,1067.077484846115,1,0.0015854684505387665,0.056474683069367836,70,70,40,6,9c0a23ca
84,1.9757909823659896,0.47046922394956886,8.368166382361677,2.507451045234803,8.601614222277812,2.6316270011156018,05_30_202411_23_24_cmd_residual,1717083625,,True,1,ecbf063e,2024-05-30_11-40-25,1021.6376805305481,1021.6376805305481,897914,CICSUNIX-US-003,172.31.105.37,1021.6376805305481,1,0.0026283483549127138,0.04431437974780674,70,70,40,6,ecbf063e
85,1.862761745765241,0.43673271243952294,8.368166382361677,2.507451045234803,8.601614222277812,2.6316270011156018,05_30_202411_40_27_cmd_residual,1717084692,,False,1,48c43cd1,2024-05-30_11-58-12,1065.4005615711212,1065.4005615711212,1107772,CICSUNIX-US-003,172.31.105.37,1065.4005615711212,1,0.0026107443837776675,0.05014202463225284,70,70,40,6,48c43cd1
86,2.1353669095810464,0.5088488173897756,8.368166382361677,2.507451045234803,8.601614222277812,2.6316270011156018,05_30_202411_58_14_cmd_residual,1717085760,,True,1,759e1ec0,2024-05-30_12-16-00,1066.1587092876434,1066.1587092876434,1317870,CICSUNIX-US-003,172.31.105.37,1066.1587092876434,1,0.002025358000364397,0.13257268000864492,70,70,40,5,759e1ec0
87,1.9636052089939797,0.4522642452787659,8.368166382361677,2.507451045234803,8.601614222277812,2.6316270011156018,05_30_202412_16_02_cmd_residual,1717086702,,True,1,9249edd9,2024-05-30_12-31-42,940.1656749248505,940.1656749248505,1528046,CICSUNIX-US-003,172.31.105.37,940.1656749248505,1,0.0019599674024328153,0.03318285356113351,60,50,20,5,9249edd9
88,1.8760693221537574,0.43861366541578684,8.368166382361677,2.507451045234803,8.601614222277812,2.6316270011156018,05_30_202412_31_44_cmd_residual,1717087650,,False,1,0808a7cb,2024-05-30_12-47-30,945.8754720687866,945.8754720687866,1737502,CICSUNIX-US-003,172.31.105.37,945.8754720687866,1,0.001010151560434221,0.14195847622275717,60,50,20,6,0808a7cb
89,2.192926803580262,0.4969677344006082,8.368166382361677,2.507451045234803,8.601614222277812,2.6316270011156018,05_30_202412_47_32_cmd_residual,1717088507,,True,1,dec39da9,2024-05-30_13-01-47,854.9343862533569,854.9343862533569,1946920,CICSUNIX-US-003,172.31.105.37,854.9343862533569,1,0.0009694476951217567,0.14027447303000518,30,50,30,6,dec39da9
90,1.9878919180316728,0.4435939995308765,8.368166382361677,2.507451045234803,8.601614222277812,2.6316270011156018,05_30_202413_01_49_cmd_residual,1717089418,,True,1,c4cc574d,2024-05-30_13-16-58,909.006623506546,909.006623506546,2155846,CICSUNIX-US-003,172.31.105.37,909.006623506546,1,0.0013837113646027893,0.10981450669571856,30,40,30,6,c4cc574d
91,2.1182057178071663,0.5057716665473041,8.368166382361677,2.507451045234803,8.601614222277812,2.6316270011156018,05_30_202413_17_01_cmd_residual,1717090379,,True,1,cdb0ddea,2024-05-30_13-32-59,958.0057535171509,958.0057535171509,2365064,CICSUNIX-US-003,172.31.105.37,958.0057535171509,1,0.0012241022437507552,0.1551173450429501,50,40,30,4,cdb0ddea
92,2.758331437961809,0.837463357904043,8.368166382361677,2.507451045234803,8.601614222277812,2.6316270011156018,05_30_202413_33_01_cmd_residual,1717091479,,True,1,647b8d6d,2024-05-30_13-51-19,1098.4560058116913,1098.4560058116913,2574986,CICSUNIX-US-003,172.31.105.37,1098.4560058116913,1,0.001638113831899772,0.022662527434219815,70,70,40,6,647b8d6d
93,1.8417877720123805,0.391121105421742,8.368166382361677,2.507451045234803,8.601614222277812,2.6316270011156018,05_30_202413_51_21_cmd_residual,1717092557,,False,1,9c4fddaf,2024-05-30_14-09-17,1076.5651733875275,1076.5651733875275,2785375,CICSUNIX-US-003,172.31.105.37,1076.5651733875275,1,0.0016459369091383444,0.06315346152651499,70,70,40,6,9c4fddaf
94,1.8078501376222078,0.4129127646130267,8.368166382361677,2.507451045234803,8.601614222277812,2.6316270011156018,05_30_202414_09_19_cmd_residual,1717093627,,False,1,7a37ebe9,2024-05-30_14-27-07,1067.9224965572357,1067.9224965572357,2995933,CICSUNIX-US-003,172.31.105.37,1067.9224965572357,1,0.001771662795477665,0.052607665176329255,70,70,40,6,7a37ebe9
95,1.917560599335977,0.44687557511297843,8.368166382361677,2.507451045234803,8.601614222277812,2.6316270011156018,05_30_202414_27_09_cmd_residual,1717094634,,True,1,c2fad0a3,2024-05-30_14-43-54,1005.2023842334747,1005.2023842334747,3206096,CICSUNIX-US-003,172.31.105.37,1005.2023842334747,1,0.003052546813429732,0.1634307667464001,70,70,40,6,c2fad0a3
96,1.8753616452036566,0.4396901480933457,8.368166382361677,2.507451045234803,8.601614222277812,2.6316270011156018,05_30_202414_43_56_cmd_residual,1717095725,,False,1,fa7a334d,2024-05-30_15-02-05,1088.8943235874176,1088.8943235874176,3415852,CICSUNIX-US-003,172.31.105.37,1088.8943235874176,1,0.0029093058515395342,0.053160709308499525,70,90,40,6,fa7a334d
97,1.812267807685844,0.38954748350096924,8.368166382361677,2.507451045234803,8.601614222277812,2.6316270011156018,05_30_202415_02_07_cmd_residual,1717096818,,False,1,b6e874f6,2024-05-30_15-20-18,1090.5856401920319,1090.5856401920319,3626404,CICSUNIX-US-003,172.31.105.37,1090.5856401920319,1,0.002239973540520301,0.12429710652892266,70,90,30,6,b6e874f6
98,1.8226620244489438,0.4089912496410412,8.368166382361677,2.507451045234803,8.601614222277812,2.6316270011156018,05_30_202415_20_20_cmd_residual,1717097815,,False,1,9d699915,2024-05-30_15-36-55,995.6128723621368,995.6128723621368,3836640,CICSUNIX-US-003,172.31.105.37,995.6128723621368,1,0.0023765092996979828,0.14528439005540894,80,50,30,6,9d699915
99,1.9002664344443598,0.411416857257763,8.368166382361677,2.507451045234803,8.601614222277812,2.6316270011156018,05_30_202415_36_57_cmd_residual,1717098844,,True,1,d8d6f98d,2024-05-30_15-54-04,1027.5630037784576,1027.5630037784576,4046394,CICSUNIX-US-003,172.31.105.37,1027.5630037784576,1,0.002242153313194762,0.036162194674949646,70,50,30,6,d8d6f98d
100,3.0331530385997336,0.747026751666552,8.368166382361677,2.507451045234803,8.601614222277812,2.6316270011156018,05_30_202415_54_06_cmd_residual,1717099942,,True,1,93b5fa03,2024-05-30_16-12-22,1095.73876953125,1095.73876953125,63551,CICSUNIX-US-003,172.31.105.37,1095.73876953125,1,0.004607882724897809,0.14624127146701968,80,90,30,6,93b5fa03
101,2.7408263208251773,0.701867214969109,8.368166382361677,2.507451045234803,8.601614222277812,2.6316270011156018,05_30_202416_12_24_cmd_residual,1717101035,,True,1,8be3d13d,2024-05-30_16-30-35,1090.5982010364532,1090.5982010364532,273912,CICSUNIX-US-003,172.31.105.37,1090.5982010364532,1,0.004636311546867106,0.07576368227803726,80,90,30,3,8be3d13d
102,1.9532262973071255,0.4623340817432265,8.368166382361677,2.507451045234803,8.601614222277812,2.6316270011156018,05_30_202416_30_36_cmd_residual,1717102103,,True,1,0e2ba3d6,2024-05-30_16-48-23,1067.1364045143127,1067.1364045143127,484166,CICSUNIX-US-003,172.31.105.37,1067.1364045143127,1,0.002290706494388569,0.13125381178599313,80,50,30,6,0e2ba3d6
103,1.9473506579757307,0.4574219892101024,8.368166382361677,2.507451045234803,8.601614222277812,2.6316270011156018,05_30_202416_48_25_cmd_residual,1717103139,,True,1,2effb132,2024-05-30_17-05-39,1034.1809711456299,1034.1809711456299,694489,CICSUNIX-US-003,172.31.105.37,1034.1809711456299,1,0.002407803556476275,0.13678669155763698,70,50,30,6,2effb132
104,1.859413851563045,0.40330623703145546,8.368166382361677,2.507451045234803,8.601614222277812,2.6316270011156018,05_30_202417_05_41_cmd_residual,1717104190,,False,1,38b5fb5c,2024-05-30_17-23-10,1048.7897644042969,1048.7897644042969,904419,CICSUNIX-US-003,172.31.105.37,1048.7897644042969,1,0.002063666184374237,0.12332365485850294,70,50,30,6,38b5fb5c
105,1.828213301351697,0.43324428436837215,8.368166382361677,2.507451045234803,8.601614222277812,2.6316270011156018,05_30_202417_23_13_cmd_residual,1717105247,,False,1,2d7ce05a,2024-05-30_17-40-47,1054.9291887283325,1054.9291887283325,1114343,CICSUNIX-US-003,172.31.105.37,1054.9291887283325,1,0.0018948677501603218,0.12289902863198046,80,50,30,6,2d7ce05a
106,2.1113077163868605,0.5266417346895775,8.368166382361677,2.507451045234803,8.601614222277812,2.6316270011156018,05_30_202417_40_50_cmd_residual,1717106258,,True,1,8e7722e1,2024-05-30_17-57-38,1007.9167997837067,1007.9167997837067,1324336,CICSUNIX-US-003,172.31.105.37,1007.9167997837067,1,0.0018100698706768734,0.11454217630707718,80,50,30,6,8e7722e1
107,1.8421224459303196,0.40375172828103945,8.368166382361677,2.507451045234803,8.601614222277812,2.6316270011156018,05_30_202417_57_40_cmd_residual,1717107303,,False,1,de8ea3b6,2024-05-30_18-15-03,1043.2934980392456,1043.2934980392456,1534080,CICSUNIX-US-003,172.31.105.37,1043.2934980392456,1,0.001797897759480694,0.14615674602316256,80,50,30,6,de8ea3b6
108,1.8771104760269046,0.43767791056137517,8.368166382361677,2.507451045234803,8.601614222277812,2.6316270011156018,05_30_202418_15_05_cmd_residual,1717108247,,True,1,4d99186a,2024-05-30_18-30-47,942.1701068878174,942.1701068878174,1744393,CICSUNIX-US-003,172.31.105.37,942.1701068878174,1,0.0028138593424957238,0.04508049658709418,40,50,30,6,4d99186a
109,2.083480082261164,0.523681742697987,8.368166382361677,2.507451045234803,8.601614222277812,2.6316270011156018,05_30_202418_30_49_cmd_residual,1717109192,,True,1,98da0461,2024-05-30_18-46-32,942.9232037067413,942.9232037067413,1953915,CICSUNIX-US-003,172.31.105.37,942.9232037067413,1,0.00278608729326001,0.023929213153230617,40,80,30,4,98da0461
110,1.9455359599778326,0.45165034600731924,8.368166382361677,2.507451045234803,8.601614222277812,2.6316270011156018,05_30_202418_46_34_cmd_residual,1717110280,,True,1,a8a81065,2024-05-30_19-04-40,1085.2921109199524,1085.2921109199524,2163693,CICSUNIX-US-003,172.31.105.37,1085.2921109199524,1,0.0014162512664047816,0.12893245894779815,80,80,10,4,a8a81065
111,1.9120836274381763,0.42320540692193204,8.368166382361677,2.507451045234803,8.601614222277812,2.6316270011156018,05_30_202419_04_41_cmd_residual,1717111295,,True,1,5a2b0900,2024-05-30_19-21-35,1013.773866891861,1013.773866891861,2373880,CICSUNIX-US-003,172.31.105.37,1013.773866891861,1,0.0035173620154162243,0.13557513015674857,80,70,10,6,5a2b0900
112,1.8754299055380523,0.43818742143223244,8.368166382361677,2.507451045234803,8.601614222277812,2.6316270011156018,05_30_202419_21_38_cmd_residual,1717112236,,False,1,cf8acc84,2024-05-30_19-37-16,938.3841142654419,938.3841142654419,2583622,CICSUNIX-US-003,172.31.105.37,938.3841142654419,1,0.0011835433891793676,0.10515068875301611,60,90,40,6,cf8acc84
113,1.9249207834998925,0.45083198297708815,8.368166382361677,2.507451045234803,8.601614222277812,2.6316270011156018,05_30_202419_37_18_cmd_residual,1717113213,,True,1,fe83a9ac,2024-05-30_19-53-33,975.0605881214142,975.0605881214142,2793132,CICSUNIX-US-003,172.31.105.37,975.0605881214142,1,0.0011790452844169222,0.14260128418506296,60,90,40,6,fe83a9ac
114,1.8898008702437394,0.41929765922965884,8.368166382361677,2.507451045234803,8.601614222277812,2.6316270011156018,05_30_202419_53_35_cmd_residual,1717114359,,True,1,e6c4cddd,2024-05-30_20-12-39,1144.1272387504578,1144.1272387504578,3002670,CICSUNIX-US-003,172.31.105.37,1144.1272387504578,1,0.0014660653412673604,0.12541781489750128,70,90,30,6,e6c4cddd
115,1.85471041207795,0.4462338543383652,8.368166382361677,2.507451045234803,8.601614222277812,2.6316270011156018,05_30_202420_12_41_cmd_residual,1717115518,,False,1,3649e069,2024-05-30_20-31-58,1157.2702317237854,1157.2702317237854,3213244,CICSUNIX-US-003,172.31.105.37,1157.2702317237854,1,0.0014838371266172662,0.12466679943644667,70,90,30,6,3649e069
116,1.8074246376269663,0.41029321650683515,8.368166382361677,2.507451045234803,8.601614222277812,2.6316270011156018,05_30_202420_32_00_cmd_residual,1717116596,,False,1,58d02b85,2024-05-30_20-49-56,1076.1944620609283,1076.1944620609283,3423942,CICSUNIX-US-003,172.31.105.37,1076.1944620609283,1,0.0024382465887948673,0.15175177403852086,80,90,50,6,58d02b85
117,1.8682967895219718,0.43522695854715915,8.368166382361677,2.507451045234803,8.601614222277812,2.6316270011156018,05_30_202420_49_58_cmd_residual,1717117640,,False,1,2541d2b6,2024-05-30_21-07-20,1041.4058709144592,1041.4058709144592,3634409,CICSUNIX-US-003,172.31.105.37,1041.4058709144592,1,0.00239125300432281,0.15354364220171016,80,50,50,6,2541d2b6
118,2.0533330533867464,0.5136250131144533,8.368166382361677,2.507451045234803,8.601614222277812,2.6316270011156018,05_30_202421_07_21_cmd_residual,1717118725,,True,1,c6167e4c,2024-05-30_21-25-25,1083.9564237594604,1083.9564237594604,3844419,CICSUNIX-US-003,172.31.105.37,1083.9564237594604,1,0.00249035366473199,0.15392517736582825,80,60,50,6,c6167e4c
119,5.473882119374795,1.7978400788921698,8.368166382361677,2.507451045234803,8.601614222277812,2.6316270011156018,05_30_202421_25_28_cmd_residual,1717119767,,True,1,d818043d,2024-05-30_21-42-47,1039.1520409584045,1039.1520409584045,4054684,CICSUNIX-US-003,172.31.105.37,1039.1520409584045,1,2.4443834311757708e-05,0.17089595765425528,80,50,30,6,d818043d
120,5.589860826659573,1.8583088249022508,8.368166382361677,2.507451045234803,8.601614222277812,2.6316270011156018,05_30_202421_42_49_cmd_residual,1717120756,,True,1,c66347f7,2024-05-30_21-59-16,987.137758731842,987.137758731842,71929,CICSUNIX-US-003,172.31.105.37,987.137758731842,1,2.6259028298243655e-05,0.16382330210838636,80,50,30,6,c66347f7
121,2.079400421865275,0.4720970955334798,8.368166382361677,2.507451045234803,8.601614222277812,2.6316270011156018,05_30_202421_59_18_cmd_residual,1717121765,,True,1,a57ab47c,2024-05-30_22-16-05,1007.1465337276459,1007.1465337276459,281689,CICSUNIX-US-003,172.31.105.37,1007.1465337276459,1,0.003970386000063988,0.1483556438003776,80,90,40,6,a57ab47c
122,1.855489082539644,0.41957168335574035,8.368166382361677,2.507451045234803,8.601614222277812,2.6316270011156018,05_30_202422_16_07_cmd_residual,1717122792,,False,1,dddf14d1,2024-05-30_22-33-12,1024.4996840953827,1024.4996840953827,491406,CICSUNIX-US-003,172.31.105.37,1024.4996840953827,1,0.0020871056239218995,0.13922656283634083,50,90,50,6,dddf14d1
123,1.8179962921187252,0.40586906904021863,8.368166382361677,2.507451045234803,8.601614222277812,2.6316270011156018,05_30_202422_33_13_cmd_residual,1717123899,,False,1,19e41606,2024-05-30_22-51-39,1105.7767848968506,1105.7767848968506,701330,CICSUNIX-US-003,172.31.105.37,1105.7767848968506,1,0.002120826241000748,0.1175814281473696,80,90,50,6,19e41606
124,1.8669000789763606,0.43854582904032374,8.368166382361677,2.507451045234803,8.601614222277812,2.6316270011156018,05_30_202422_51_41_cmd_residual,1717125001,,False,1,855da993,2024-05-30_23-10-01,1099.5418057441711,1099.5418057441711,911590,CICSUNIX-US-003,172.31.105.37,1099.5418057441711,1,0.003264418020816192,0.11495786076063175,80,90,50,6,855da993
125,1.98800164445286,0.4654074544088429,8.368166382361677,2.507451045234803,8.601614222277812,2.6316270011156018,05_30_202423_10_02_cmd_residual,1717126077,,True,1,3a60332b,2024-05-30_23-27-57,1074.7771437168121,1074.7771437168121,1122233,CICSUNIX-US-003,172.31.105.37,1074.7771437168121,1,0.0032705664309264078,0.010838960562690333,80,90,50,6,3a60332b
126,3.84450979246273,1.217040148504812,8.368166382361677,2.507451045234803,8.601614222277812,2.6316270011156018,05_30_202423_28_00_cmd_residual,1717127163,,True,1,423c2557,2024-05-30_23-46-03,1083.1928009986877,1083.1928009986877,1332382,CICSUNIX-US-003,172.31.105.37,1083.1928009986877,1,5.379287652095877e-05,0.1020304114113049,80,90,50,6,423c2557
127,2.4215463007865017,0.5793808498224841,8.368166382361677,2.507451045234803,8.601614222277812,2.6316270011156018,05_30_202423_46_05_cmd_residual,1717128299,,True,1,8b94cbb6,2024-05-31_00-04-59,1133.8909130096436,1133.8909130096436,1542927,CICSUNIX-US-003,172.31.105.37,1133.8909130096436,1,0.0021435894420090743,0.1349026563966694,80,70,20,3,8b94cbb6
128,2.618314600572678,0.60481370524223,8.368166382361677,2.507451045234803,8.601614222277812,2.6316270011156018,05_31_202400_05_01_cmd_residual,1717129425,,True,1,a5bfac6e,2024-05-31_00-23-45,1123.772225856781,1123.772225856781,1753470,CICSUNIX-US-003,172.31.105.37,1123.772225856781,1,0.00034928386332319606,0.09119506022257526,80,70,20,3,a5bfac6e
129,2.3524910828522816,0.6148179625251428,8.368166382361677,2.507451045234803,8.601614222277812,2.6316270011156018,05_31_202400_23_47_cmd_residual,1717130465,,True,1,065d92dc,2024-05-31_00-41-05,1037.7370455265045,1037.7370455265045,1963869,CICSUNIX-US-003,172.31.105.37,1037.7370455265045,1,0.001816520798849978,0.10736408581588763,80,50,50,5,065d92dc
130,2.127246049920707,0.5389387400476455,8.368166382361677,2.507451045234803,8.601614222277812,2.6316270011156018,05_31_202400_41_07_cmd_residual,1717131395,,True,1,49cb60d3,2024-05-31_00-56-35,927.3025341033936,927.3025341033936,2173812,CICSUNIX-US-003,172.31.105.37,927.3025341033936,1,0.0016622629786113834,0.15959121236451013,70,50,50,5,49cb60d3
131,1.816887663118878,0.40614115441997806,8.368166382361677,2.507451045234803,8.601614222277812,2.6316270011156018,05_31_202400_56_36_cmd_residual,1717132396,,False,1,f4125f78,2024-05-31_01-13-16,999.7106976509094,999.7106976509094,2383126,CICSUNIX-US-003,172.31.105.37,999.7106976509094,1,0.0026659945718725646,0.11737566132045182,70,50,40,6,f4125f78
132,1.9407354630223042,0.4616576197511289,8.368166382361677,2.507451045234803,8.601614222277812,2.6316270011156018,05_31_202401_13_18_cmd_residual,1717133496,,True,1,11e7f167,2024-05-31_01-31-36,1098.0316920280457,1098.0316920280457,2592803,CICSUNIX-US-003,172.31.105.37,1098.0316920280457,1,0.0026126754456722084,0.11724122968276743,80,90,50,6,11e7f167
133,1.9971233009382183,0.44947680579723714,8.368166382361677,2.507451045234803,8.601614222277812,2.6316270011156018,05_31_202401_31_39_cmd_residual,1717134535,,True,1,d6c305b2,2024-05-31_01-48-55,1036.1605627536774,1036.1605627536774,2803219,CICSUNIX-US-003,172.31.105.37,1036.1605627536774,1,0.0026090982140240856,0.11819215566147978,70,50,40,6,d6c305b2
134,3.054869341985568,0.8432043803545214,8.368166382361677,2.507451045234803,8.601614222277812,2.6316270011156018,05_31_202401_48_57_cmd_residual,1717135522,,True,1,c5934a51,2024-05-31_02-05-22,985.5189559459686,985.5189559459686,3013111,CICSUNIX-US-003,172.31.105.37,985.5189559459686,1,0.00012298611895210818,0.11077985974270024,70,50,40,6,c5934a51
135,1.9089735758816484,0.4657375662016218,8.368166382361677,2.507451045234803,8.601614222277812,2.6316270011156018,05_31_202402_05_24_cmd_residual,1717136569,,True,1,85d670bd,2024-05-31_02-22-49,1044.9949793815613,1044.9949793815613,3222811,CICSUNIX-US-003,172.31.105.37,1044.9949793815613,1,0.003666499692793878,0.11183014727695043,70,50,40,6,85d670bd
136,1.9736640288206169,0.4771672203019146,8.368166382361677,2.507451045234803,8.601614222277812,2.6316270011156018,05_31_202402_22_51_cmd_residual,1717137572,,True,1,4b568881,2024-05-31_02-39-32,1000.5067889690399,1000.5067889690399,3432784,CICSUNIX-US-003,172.31.105.37,1000.5067889690399,1,0.003739016578634261,0.12968786435593543,70,50,40,6,4b568881
137,1.9239883816055583,0.46501506889193944,8.368166382361677,2.507451045234803,8.601614222277812,2.6316270011156018,05_31_202402_39_33_cmd_residual,1717138593,,True,1,5cbb742f,2024-05-31_02-56-33,1019.305997133255,1019.305997133255,3642876,CICSUNIX-US-003,172.31.105.37,1019.305997133255,1,0.003012840166788631,0.049071356357353366,70,50,40,6,5cbb742f
138,2.0095527370517705,0.4746333134093607,8.368166382361677,2.507451045234803,8.601614222277812,2.6316270011156018,05_31_202402_56_34_cmd_residual,1717139520,,True,1,d89806f6,2024-05-31_03-12-00,925.6590311527252,925.6590311527252,3852713,CICSUNIX-US-003,172.31.105.37,925.6590311527252,1,0.0019902418123511375,0.14372397699844955,30,40,40,6,d89806f6
139,2.1588232368266733,0.534828971258026,8.368166382361677,2.507451045234803,8.601614222277812,2.6316270011156018,05_31_202403_12_01_cmd_residual,1717140570,,True,1,a36226db,2024-05-31_03-29-30,1048.2254633903503,1048.2254633903503,4062100,CICSUNIX-US-003,172.31.105.37,1048.2254633903503,1,0.002140263754876979,0.15010293079875456,80,40,30,6,a36226db
140,1.8474382990115068,0.4421525372711099,8.368166382361677,2.507451045234803,8.601614222277812,2.6316270011156018,05_31_202403_29_32_cmd_residual,1717141619,,False,1,94174aa6,2024-05-31_03-46-59,1047.2047181129456,1047.2047181129456,79526,CICSUNIX-US-003,172.31.105.37,1047.2047181129456,1,0.002257337322363293,0.15117681472941696,80,60,30,6,94174aa6
141,1.8821756729645578,0.4191241063781125,8.368166382361677,2.507451045234803,8.601614222277812,2.6316270011156018,05_31_202403_47_01_cmd_residual,1717142692,,True,1,51f40538,2024-05-31_04-04-52,1071.7546744346619,1071.7546744346619,289515,CICSUNIX-US-003,172.31.105.37,1071.7546744346619,1,0.0012994555318915247,0.14005094429384202,80,60,30,6,51f40538
142,1.8994541903611206,0.42720627704050834,8.368166382361677,2.507451045234803,8.601614222277812,2.6316270011156018,05_31_202404_04_55_cmd_residual,1717143671,,True,1,2800e90e,2024-05-31_04-21-11,976.0668561458588,976.0668561458588,500066,CICSUNIX-US-003,172.31.105.37,976.0668561458588,1,0.0012857236765493713,0.12928442364318807,60,90,50,6,2800e90e
143,1.8233132766806914,0.40670857419439754,8.368166382361677,2.507451045234803,8.601614222277812,2.6316270011156018,05_31_202404_21_13_cmd_residual,1717144649,,False,1,159e7196,2024-05-31_04-37-29,975.6377561092377,975.6377561092377,710594,CICSUNIX-US-003,172.31.105.37,975.6377561092377,1,0.0017010265619154326,0.12866967630033885,60,90,50,6,159e7196
144,1.8585655181634713,0.44206056163138874,8.368166382361677,2.507451045234803,8.601614222277812,2.6316270011156018,05_31_202404_37_30_cmd_residual,1717145690,,False,1,96e5b6d3,2024-05-31_04-54-50,1039.4765939712524,1039.4765939712524,920177,CICSUNIX-US-003,172.31.105.37,1039.4765939712524,1,0.0016127600447669577,0.1203774910060805,70,90,50,6,96e5b6d3
145,1.9721613618787226,0.46167721917646914,8.368166382361677,2.507451045234803,8.601614222277812,2.6316270011156018,05_31_202404_54_51_cmd_residual,1717146750,,True,1,6db83334,2024-05-31_05-12-30,1058.222422838211,1058.222422838211,1130053,CICSUNIX-US-003,172.31.105.37,1058.222422838211,1,0.0017740920840689201,0.12131215054078745,70,90,50,6,6db83334
146,1.9004830415341567,0.43207540070241374,8.368166382361677,2.507451045234803,8.601614222277812,2.6316270011156018,05_31_202405_12_31_cmd_residual,1717147756,,True,1,6cedc7e2,2024-05-31_05-29-16,1004.0697836875916,1004.0697836875916,1340076,CICSUNIX-US-003,172.31.105.37,1004.0697836875916,1,0.0018129285980269304,0.12266216519097314,50,90,50,6,6cedc7e2
147,1.952596304995402,0.4524841502855366,8.368166382361677,2.507451045234803,8.601614222277812,2.6316270011156018,05_31_202405_29_18_cmd_residual,1717148767,,True,1,622a3020,2024-05-31_05-46-07,1009.7708587646484,1009.7708587646484,1549876,CICSUNIX-US-003,172.31.105.37,1009.7708587646484,1,0.0028307382587430493,0.13269850827442833,50,90,50,6,622a3020
148,1.8831873098997944,0.45046068078858387,8.368166382361677,2.507451045234803,8.601614222277812,2.6316270011156018,05_31_202405_46_10_cmd_residual,1717149815,,True,1,e4cd78ed,2024-05-31_06-03-35,1045.3863694667816,1045.3863694667816,1759607,CICSUNIX-US-003,172.31.105.37,1045.3863694667816,1,0.002963012800417128,0.1362439532995909,80,50,40,6,e4cd78ed
149,6.35010396090499,2.0238653621114513,8.368166382361677,2.507451045234803,8.601614222277812,2.6316270011156018,05_31_202406_03_37_cmd_residual,1717150863,,True,1,c39c700d,2024-05-31_06-21-03,1046.0925891399384,1046.0925891399384,1969577,CICSUNIX-US-003,172.31.105.37,1046.0925891399384,1,1.2807612439002159e-05,0.13700478746424188,80,50,40,6,c39c700d
150,1.8843446179867704,0.4314422223355416,8.368166382361677,2.507451045234803,8.601614222277812,2.6316270011156018,05_31_202406_21_05_cmd_residual,1717151952,,True,1,919ac7c4,2024-05-31_06-39-12,1087.1696922779083,1087.1696922779083,2179511,CICSUNIX-US-003,172.31.105.37,1087.1696922779083,1,0.0023829329888478495,0.14527001513624463,80,70,30,6,919ac7c4
151,1.8187783841115093,0.4108858140453195,8.368166382361677,2.507451045234803,8.601614222277812,2.6316270011156018,05_31_202406_39_14_cmd_residual,1717152962,,False,1,d9607485,2024-05-31_06-56-02,1008.0103983879089,1008.0103983879089,2389718,CICSUNIX-US-003,172.31.105.37,1008.0103983879089,1,0.001459123486745275,0.14589906817603848,70,70,30,6,d9607485
152,1.8886763702620164,0.4443047845582075,8.368166382361677,2.507451045234803,8.601614222277812,2.6316270011156018,05_31_202406_56_04_cmd_residual,1717153951,,True,1,cc8e3afe,2024-05-31_07-12-31,986.975198507309,986.975198507309,2599768,CICSUNIX-US-003,172.31.105.37,986.975198507309,1,0.0015286472646872738,0.1262602706345867,60,90,50,6,cc8e3afe
153,1.82913033751566,0.42586528734599854,8.368166382361677,2.507451045234803,8.601614222277812,2.6316270011156018,05_31_202407_12_33_cmd_residual,1717155031,,False,1,fdad70c9,2024-05-31_07-30-31,1077.9516537189484,1077.9516537189484,2809520,CICSUNIX-US-003,172.31.105.37,1077.9516537189484,1,0.0013889643924615996,0.1426420276672015,70,70,30,6,fdad70c9
154,1.9799242528590633,0.5033257988992529,8.368166382361677,2.507451045234803,8.601614222277812,2.6316270011156018,05_31_202407_30_34_cmd_residual,1717156121,,True,1,7ca03ddd,2024-05-31_07-48-41,1087.4481828212738,1087.4481828212738,3019663,CICSUNIX-US-003,172.31.105.37,1087.4481828212738,1,0.0010625420628960814,0.1475917740838082,70,70,30,6,7ca03ddd
155,1.856198966678278,0.42628269331524393,8.368166382361677,2.507451045234803,8.601614222277812,2.6316270011156018,05_31_202407_48_43_cmd_residual,1717157140,,False,1,02b8c61b,2024-05-31_08-05-40,1016.9058485031128,1016.9058485031128,3229892,CICSUNIX-US-003,172.31.105.37,1016.9058485031128,1,0.0020032660051219806,0.1575934048876349,70,70,30,6,02b8c61b
156,1.8545840533351603,0.4194919836630344,8.368166382361677,2.507451045234803,8.601614222277812,2.6316270011156018,05_31_202408_05_42_cmd_residual,1717158284,,False,1,ced070da,2024-05-31_08-24-44,1141.7438497543335,1141.7438497543335,3439731,CICSUNIX-US-003,172.31.105.37,1141.7438497543335,1,0.0019448159543056134,0.15576740245705573,70,70,30,6,ced070da
157,1.8727398542503746,0.4234009416638176,8.368166382361677,2.507451045234803,8.601614222277812,2.6316270011156018,05_31_202408_24_46_cmd_residual,1717159329,,False,1,3aafb805,2024-05-31_08-42-09,1042.710740327835,1042.710740327835,3650550,CICSUNIX-US-003,172.31.105.37,1042.710740327835,1,0.0008609395214722484,0.11676426951072591,70,70,30,6,3aafb805
158,1.8474229443812564,0.399982196639783,8.368166382361677,2.507451045234803,8.601614222277812,2.6316270011156018,05_31_202408_42_11_cmd_residual,1717160401,,False,1,06dd9f71,2024-05-31_09-00-01,1069.9848449230194,1069.9848449230194,3860917,CICSUNIX-US-003,172.31.105.37,1069.9848449230194,1,0.002450455486235292,0.11624745177927287,70,50,30,6,06dd9f71
159,1.8606894195762225,0.4209272406070554,8.368166382361677,2.507451045234803,8.601614222277812,2.6316270011156018,05_31_202409_00_03_cmd_residual,1717161354,,False,1,83a33038,2024-05-31_09-15-54,950.8610351085663,950.8610351085663,4071180,CICSUNIX-US-003,172.31.105.37,950.8610351085663,1,0.0024058485973279553,0.061839970114060255,40,50,10,6,83a33038
160,2.066973201319304,0.47947081268198755,8.368166382361677,2.507451045234803,8.601614222277812,2.6316270011156018,05_31_202409_15_56_cmd_residual,1717162310,,True,1,99b51f47,2024-05-31_09-31-50,953.9541273117065,953.9541273117065,88565,CICSUNIX-US-003,172.31.105.37,953.9541273117065,1,0.001558485226881252,0.0691726078739131,40,50,10,4,99b51f47
161,2.0613250156908656,0.5117308358983026,8.368166382361677,2.507451045234803,8.601614222277812,2.6316270011156018,05_31_202409_31_53_cmd_residual,1717163386,,True,1,470343b1,2024-05-31_09-49-46,1073.6834831237793,1073.6834831237793,298168,CICSUNIX-US-003,172.31.105.37,1073.6834831237793,1,0.0044203956439039585,0.13168814726396513,80,50,30,6,470343b1
162,1.8229890931107327,0.41639080323180594,8.368166382361677,2.507451045234803,8.601614222277812,2.6316270011156018,05_31_202409_49_48_cmd_residual,1717164484,,False,1,804e19e0,2024-05-31_10-08-04,1096.631996870041,1096.631996870041,508562,CICSUNIX-US-003,172.31.105.37,1096.631996870041,1,0.0011570898981173956,0.12666821246680726,60,90,50,6,804e19e0
163,1.8211416651976142,0.3984559654250624,8.368166382361677,2.507451045234803,8.601614222277812,2.6316270011156018,05_31_202410_08_06_cmd_residual,1717165540,,False,1,8f57c7fa,2024-05-31_10-25-40,1054.2193350791931,1054.2193350791931,719007,CICSUNIX-US-003,172.31.105.37,1054.2193350791931,1,0.0011734603198636112,0.12635810582952997,60,90,50,6,8f57c7fa
164,1.945732821975689,0.4560728259556751,8.368166382361677,2.507451045234803,8.601614222277812,2.6316270011156018,05_31_202410_25_42_cmd_residual,1717166637,,True,1,e2c1b83d,2024-05-31_10-43-57,1095.1639940738678,1095.1639940738678,929029,CICSUNIX-US-003,172.31.105.37,1095.1639940738678,1,0.0017520113144431535,0.12668488101188516,60,90,50,6,e2c1b83d
165,2.019618897045995,0.49405162464536484,8.368166382361677,2.507451045234803,8.601614222277812,2.6316270011156018,05_31_202410_43_59_cmd_residual,1717167728,,True,1,484e1d11,2024-05-31_11-02-08,1088.4167687892914,1088.4167687892914,1139304,CICSUNIX-US-003,172.31.105.37,1088.4167687892914,1,0.001184196057605953,0.12603348898285718,60,90,50,6,484e1d11
166,1.858510673914647,0.43869043338040314,8.368166382361677,2.507451045234803,8.601614222277812,2.6316270011156018,05_31_202411_02_09_cmd_residual,1717168789,,False,1,f8a2d750,2024-05-31_11-19-49,1060.0915689468384,1060.0915689468384,1350421,CICSUNIX-US-003,172.31.105.37,1060.0915689468384,1,0.001110893776478407,0.10707584506108396,60,90,50,6,f8a2d750
167,1.9823424886341676,0.45507919987559686,8.368166382361677,2.507451045234803,8.601614222277812,2.6316270011156018,05_31_202411_19_52_cmd_residual,1717169895,,True,1,4e2c1c45,2024-05-31_11-38-15,1103.001050710678,1103.001050710678,1560527,CICSUNIX-US-003,172.31.105.37,1103.001050710678,1,0.0009746096900701567,0.11318435267522783,60,90,50,6,4e2c1c45
168,1.800206183253148,0.40756473219912404,8.368166382361677,2.507451045234803,8.601614222277812,2.6316270011156018,05_31_202411_38_17_cmd_residual,1717170979,,False,1,117ed4d1,2024-05-31_11-56-19,1082.7526330947876,1082.7526330947876,1770865,CICSUNIX-US-003,172.31.105.37,1082.7526330947876,1,0.0014168839296721874,0.11156922035393675,60,90,50,6,117ed4d1
169,1.9862321143404305,0.43974190155096565,8.368166382361677,2.507451045234803,8.601614222277812,2.6316270011156018,05_31_202411_56_22_cmd_residual,1717172069,,True,1,5d93ff1c,2024-05-31_12-14-29,1087.4602179527283,1087.4602179527283,1981121,CICSUNIX-US-003,172.31.105.37,1087.4602179527283,1,0.0007278308593966552,0.09818569912524139,60,90,50,6,5d93ff1c
170,1.8055340803882856,0.396761523334631,8.368166382361677,2.507451045234803,8.601614222277812,2.6316270011156018,05_31_202412_14_31_cmd_residual,1717173133,,False,1,45d0b821,2024-05-31_12-32-13,1061.913328886032,1061.913328886032,2191309,CICSUNIX-US-003,172.31.105.37,1061.913328886032,1,0.0014596933990545697,0.09680907551198975,60,90,50,6,45d0b821
171,2.370196342126577,0.590198665986866,8.368166382361677,2.507451045234803,8.601614222277812,2.6316270011156018,05_31_202412_32_15_cmd_residual,1717174212,,True,1,c6beb386,2024-05-31_12-50-12,1077.0813930034637,1077.0813930034637,2401445,CICSUNIX-US-003,172.31.105.37,1077.0813930034637,1,0.0002170173947880704,0.10262386859642245,60,90,50,6,c6beb386
172,2.0388397303968264,0.48877185503542175,8.368166382361677,2.507451045234803,8.601614222277812,2.6316270011156018,05_31_202412_50_14_cmd_residual,1717175315,,True,1,c461a023,2024-05-31_13-08-35,1100.246345758438,1100.246345758438,2611731,CICSUNIX-US-003,172.31.105.37,1100.246345758438,1,0.001435071655664268,0.10297044792631672,60,90,50,6,c461a023
173,1.8355596048022407,0.42228619663685524,8.368166382361677,2.507451045234803,8.601614222277812,2.6316270011156018,05_31_202413_08_36_cmd_residual,1717176422,,False,1,7ff90bdb,2024-05-31_13-27-02,1105.1115086078644,1105.1115086078644,2822070,CICSUNIX-US-003,172.31.105.37,1105.1115086078644,1,0.0014767367608199734,0.09580801580329436,60,90,50,6,7ff90bdb
174,1.8439633409960914,0.4366827362336767,8.368166382361677,2.507451045234803,8.601614222277812,2.6316270011156018,05_31_202413_27_04_cmd_residual,1717177479,,False,1,6840f4c4,2024-05-31_13-44-39,1055.1544466018677,1055.1544466018677,3032557,CICSUNIX-US-003,172.31.105.37,1055.1544466018677,1,0.0014984747435552706,0.10979556175968527,60,90,50,6,6840f4c4
175,1.791940481825976,0.39756266509771904,8.368166382361677,2.507451045234803,8.601614222277812,2.6316270011156018,05_31_202413_44_41_cmd_residual,1717178570,,False,1,931c9072,2024-05-31_14-02-50,1089.2662734985352,1089.2662734985352,3242589,CICSUNIX-US-003,172.31.105.37,1089.2662734985352,1,0.0012908200247115614,0.12141759701930946,60,90,50,6,931c9072
176,1.9800219536655133,0.4671961304439034,8.368166382361677,2.507451045234803,8.601614222277812,2.6316270011156018,05_31_202414_02_52_cmd_residual,1717179674,,True,1,f22d28f4,2024-05-31_14-21-14,1101.868447303772,1101.868447303772,3452882,CICSUNIX-US-003,172.31.105.37,1101.868447303772,1,0.0006325097745747676,0.08375965040660396,60,90,50,6,f22d28f4
177,1.9471106183198368,0.4188906667274516,8.368166382361677,2.507451045234803,8.601614222277812,2.6316270011156018,05_31_202414_21_16_cmd_residual,1717180750,,True,1,7c8de8ab,2024-05-31_14-39-10,1073.8770413398743,1073.8770413398743,3663371,CICSUNIX-US-003,172.31.105.37,1073.8770413398743,1,0.0011833457564426344,0.0879969535551659,60,90,50,6,7c8de8ab
178,2.040110448792703,0.4655514427528721,8.368166382361677,2.507451045234803,8.601614222277812,2.6316270011156018,05_31_202414_39_12_cmd_residual,1717181854,,True,1,0b51af36,2024-05-31_14-57-34,1101.4118065834045,1101.4118065834045,3873573,CICSUNIX-US-003,172.31.105.37,1101.4118065834045,1,0.0008825572900112057,0.12011627338654703,60,90,50,6,0b51af36
179,1.8712136561445567,0.4311936667240165,8.368166382361677,2.507451045234803,8.601614222277812,2.6316270011156018,05_31_202414_57_35_cmd_residual,1717182914,,True,1,97537928,2024-05-31_15-15-14,1059.0653553009033,1059.0653553009033,4083971,CICSUNIX-US-003,172.31.105.37,1059.0653553009033,1,0.0013401714861809469,0.12021585015590962,60,90,50,6,97537928
180,2.3328903415646116,0.5802623695328982,8.368166382361677,2.507451045234803,8.601614222277812,2.6316270011156018,05_31_202415_15_17_cmd_residual,1717183966,,True,1,ec337ac8,2024-05-31_15-32-46,1049.5986297130585,1049.5986297130585,101388,CICSUNIX-US-003,172.31.105.37,1049.5986297130585,1,0.0013170654039559072,0.1137492278459059,60,90,50,3,ec337ac8
181,2.343606322488757,0.5577114618753164,8.368166382361677,2.507451045234803,8.601614222277812,2.6316270011156018,05_31_202415_32_48_cmd_residual,1717185039,,True,1,40bed412,2024-05-31_15-50-39,1070.9337029457092,1070.9337029457092,311511,CICSUNIX-US-003,172.31.105.37,1070.9337029457092,1,0.001016610689423709,0.05484088486635702,60,90,50,3,40bed412
182,1.9633285700780192,0.4837334675538242,8.368166382361677,2.507451045234803,8.601614222277812,2.6316270011156018,05_31_202415_50_41_cmd_residual,1717186112,,True,1,e05727ca,2024-05-31_16-08-32,1071.3071043491364,1071.3071043491364,521620,CICSUNIX-US-003,172.31.105.37,1071.3071043491364,1,0.0017667020200518991,0.12320129918367212,60,90,50,6,e05727ca
183,1.7925339170434216,0.4155225240481783,8.368166382361677,2.507451045234803,8.601614222277812,2.6316270011156018,05_31_202416_08_34_cmd_residual,1717187188,,False,1,1c171443,2024-05-31_16-26-28,1073.6077291965485,1073.6077291965485,731782,CICSUNIX-US-003,172.31.105.37,1073.6077291965485,1,0.0019961387392216246,0.12266305192259779,60,90,50,6,1c171443
184,1.970527058654823,0.4337426536667403,8.368166382361677,2.507451045234803,8.601614222277812,2.6316270011156018,05_31_202416_26_29_cmd_residual,1717188274,,True,1,d657d985,2024-05-31_16-44-34,1084.3184742927551,1084.3184742927551,941929,CICSUNIX-US-003,172.31.105.37,1084.3184742927551,1,0.002059502554875257,0.1284011691386564,60,90,50,6,d657d985
185,1.8544655998524036,0.4270576487886705,8.368166382361677,2.507451045234803,8.601614222277812,2.6316270011156018,05_31_202416_44_35_cmd_residual,1717189225,,False,1,7345bfe8,2024-05-31_17-00-25,949.212108373642,949.212108373642,1152044,CICSUNIX-US-003,172.31.105.37,949.212108373642,1,0.0020510431394140266,0.11663382583892289,30,80,50,6,7345bfe8
186,2.0647558151100993,0.5654047761857496,8.368166382361677,2.507451045234803,8.601614222277812,2.6316270011156018,05_31_202417_00_26_cmd_residual,1717190284,,True,1,43b1e813,2024-05-31_17-18-04,1057.366786956787,1057.366786956787,1361534,CICSUNIX-US-003,172.31.105.37,1057.366786956787,1,0.002183845951111051,0.11602537735991182,60,80,50,6,43b1e813
187,2.0217834946904776,0.46507114572835134,8.368166382361677,2.507451045234803,8.601614222277812,2.6316270011156018,05_31_202417_18_06_cmd_residual,1717191379,,True,1,89f79c89,2024-05-31_17-36-19,1093.6486251354218,1093.6486251354218,1571542,CICSUNIX-US-003,172.31.105.37,1093.6486251354218,1,0.002324016542600085,0.10713218052993555,60,90,50,6,89f79c89
188,1.9890234470183075,0.46548036441474755,8.368166382361677,2.507451045234803,8.601614222277812,2.6316270011156018,05_31_202417_36_21_cmd_residual,1717192552,,True,1,67f44204,2024-05-31_17-55-52,1170.7091159820557,1170.7091159820557,1781815,CICSUNIX-US-003,172.31.105.37,1170.7091159820557,1,0.001839315324237947,0.10829024062739728,80,90,50,5,67f44204
189,1.9250284781194513,0.44802040590724657,8.368166382361677,2.507451045234803,8.601614222277812,2.6316270011156018,05_31_202417_55_53_cmd_residual,1717193734,,True,1,201314f9,2024-05-31_18-15-34,1180.6584386825562,1180.6584386825562,1992496,CICSUNIX-US-003,172.31.105.37,1180.6584386825562,1,0.0026454581466079413,0.11047891067867242,80,90,50,5,201314f9
190,1.8279542364034507,0.43749993701997314,8.368166382361677,2.507451045234803,8.601614222277812,2.6316270011156018,05_31_202418_15_35_cmd_residual,1717195003,,False,1,fbee616d,2024-05-31_18-36-43,1268.1474039554596,1268.1474039554596,2203267,CICSUNIX-US-003,172.31.105.37,1268.1474039554596,1,0.0026994744555211914,0.1220044797775908,80,70,20,6,fbee616d
191,1.8794340213165612,0.45934187974337815,8.368166382361677,2.507451045234803,8.601614222277812,2.6316270011156018,05_31_202418_36_45_cmd_residual,1717196196,,True,1,ea30421c,2024-05-31_18-56-36,1190.3011438846588,1190.3011438846588,2414536,CICSUNIX-US-003,172.31.105.37,1190.3011438846588,1,0.0012436212044702976,0.09356325121726447,80,70,20,6,ea30421c
192,1.8342020584036693,0.4114242330112523,8.368166382361677,2.507451045234803,8.601614222277812,2.6316270011156018,05_31_202418_56_37_cmd_residual,1717197287,,False,1,aa6279d1,2024-05-31_19-14-47,1089.5629909038544,1089.5629909038544,2625360,CICSUNIX-US-003,172.31.105.37,1089.5629909038544,1,0.0016095020394306903,0.12452577903303033,60,90,50,6,aa6279d1
193,1.9722506357951395,0.47877375785865217,8.368166382361677,2.507451045234803,8.601614222277812,2.6316270011156018,05_31_202419_14_49_cmd_residual,1717198346,,True,1,53a57d35,2024-05-31_19-32-26,1057.1405119895935,1057.1405119895935,2835702,CICSUNIX-US-003,172.31.105.37,1057.1405119895935,1,0.001640392511151791,0.12886082543963961,60,90,50,6,53a57d35
194,1.870655436700717,0.4383698666640834,8.368166382361677,2.507451045234803,8.601614222277812,2.6316270011156018,05_31_202419_32_28_cmd_residual,1717199411,,True,1,e35d924e,2024-05-31_19-50-11,1063.0378918647766,1063.0378918647766,3045759,CICSUNIX-US-003,172.31.105.37,1063.0378918647766,1,0.0017932687501171466,0.1316693925738443,60,90,50,6,e35d924e
195,1.826941486044545,0.39923646426701276,8.368166382361677,2.507451045234803,8.601614222277812,2.6316270011156018,05_31_202419_50_13_cmd_residual,1717200475,,False,1,38724b86,2024-05-31_20-07-55,1061.77903008461,1061.77903008461,3255843,CICSUNIX-US-003,172.31.105.37,1061.77903008461,1,0.0018757015618891986,0.12114640674861511,60,90,50,6,38724b86
196,1.8410136948858935,0.44247492490040047,8.368166382361677,2.507451045234803,8.601614222277812,2.6316270011156018,05_31_202420_07_57_cmd_residual,1717201520,,False,1,1f48459b,2024-05-31_20-25-20,1043.2846148014069,1043.2846148014069,3465928,CICSUNIX-US-003,172.31.105.37,1043.2846148014069,1,0.0013391280050354432,0.12153794765241009,60,90,50,6,1f48459b
197,1.938406225505814,0.4522961712204777,8.368166382361677,2.507451045234803,8.601614222277812,2.6316270011156018,05_31_202420_25_22_cmd_residual,1717202626,,True,1,73a9c7ee,2024-05-31_20-43-46,1103.7141332626343,1103.7141332626343,3676103,CICSUNIX-US-003,172.31.105.37,1103.7141332626343,1,0.0032141221620193713,0.1179207461364054,60,90,50,6,73a9c7ee
198,2.1107580917792927,0.5129510768060087,8.368166382361677,2.507451045234803,8.601614222277812,2.6316270011156018,05_31_202420_43_47_cmd_residual,1717203684,,True,1,4df65e9c,2024-05-31_21-01-24,1056.6665971279144,1056.6665971279144,3886451,CICSUNIX-US-003,172.31.105.37,1056.6665971279144,1,0.0031690847159243957,0.11320491472988858,60,90,50,6,4df65e9c
199,1.873440329576575,0.43835225383100107,8.368166382361677,2.507451045234803,8.601614222277812,2.6316270011156018,05_31_202421_01_26_cmd_residual,1717204912,,True,1,7154430c,2024-05-31_21-21-52,1226.0612590312958,1226.0612590312958,4096647,CICSUNIX-US-003,172.31.105.37,1226.0612590312958,1,0.0011008308809985848,0.1140824150456441,80,90,30,6,7154430c
200,1.895770196005975,0.44903560562644795,8.368166382361677,2.507451045234803,8.601614222277812,2.6316270011156018,05_31_202421_21_54_cmd_residual,1717206116,,True,1,70ef8bf8,2024-05-31_21-41-56,1201.8516175746918,1201.8516175746918,115065,CICSUNIX-US-003,172.31.105.37,1201.8516175746918,1,0.0010970067941729544,0.13377319306772312,80,90,30,4,70ef8bf8
201,1.9151109828353112,0.44363829903181523,8.368166382361677,2.507451045234803,8.601614222277812,2.6316270011156018,05_31_202421_41_58_cmd_residual,1717207290,,True,1,96f3e023,2024-05-31_22-01-30,1171.9099669456482,1171.9099669456482,325999,CICSUNIX-US-003,172.31.105.37,1171.9099669456482,1,0.0020940303109079914,0.12587529875402584,70,70,30,6,96f3e023
202,1.7909195006675769,0.39287702220971255,8.368166382361677,2.507451045234803,8.601614222277812,2.6316270011156018,05_31_202422_01_32_cmd_residual,1717208435,,False,1,d772c3a9,2024-05-31_22-20-35,1142.5738399028778,1142.5738399028778,536738,CICSUNIX-US-003,172.31.105.37,1142.5738399028778,1,0.0021114247291070063,0.15028562509500484,80,50,30,6,d772c3a9
203,2.4770737726982888,0.703979906396499,8.368166382361677,2.507451045234803,8.601614222277812,2.6316270011156018,05_31_202422_20_36_cmd_residual,1717209596,,True,1,06c59567,2024-05-31_22-39-56,1159.7809524536133,1159.7809524536133,747281,CICSUNIX-US-003,172.31.105.37,1159.7809524536133,1,0.0023115328208546085,0.038344232717093335,80,50,30,6,06c59567
204,1.855132335959323,0.43532926464529464,8.368166382361677,2.507451045234803,8.601614222277812,2.6316270011156018,05_31_202422_39_58_cmd_residual,1717210740,,False,1,e42e03f9,2024-05-31_22-59-00,1141.8000338077545,1141.8000338077545,957942,CICSUNIX-US-003,172.31.105.37,1141.8000338077545,1,0.001561139222684599,0.04929737299568494,80,50,30,6,e42e03f9
205,1.8335641203783088,0.4112264982069353,8.368166382361677,2.507451045234803,8.601614222277812,2.6316270011156018,05_31_202422_59_03_cmd_residual,1717211828,,False,1,e2b823d1,2024-05-31_23-17-08,1084.9435141086578,1084.9435141086578,1168468,CICSUNIX-US-003,172.31.105.37,1084.9435141086578,1,0.001570429072692436,0.15059364714378923,80,50,30,6,e2b823d1
206,1.9737515499214129,0.46700887491004806,8.368166382361677,2.507451045234803,8.601614222277812,2.6316270011156018,05_31_202423_17_10_cmd_residual,1717212939,,True,1,fe70ae56,2024-05-31_23-35-39,1109.383085012436,1109.383085012436,1378685,CICSUNIX-US-003,172.31.105.37,1109.383085012436,1,0.0019606704572028627,0.14788103425523466,80,40,30,6,fe70ae56
207,1.8141439499597423,0.41680299822386135,8.368166382361677,2.507451045234803,8.601614222277812,2.6316270011156018,05_31_202423_35_41_cmd_residual,1717214023,,False,1,e965079c,2024-05-31_23-53-43,1082.028141260147,1082.028141260147,1589087,CICSUNIX-US-003,172.31.105.37,1082.028141260147,1,0.001928625553624189,0.12850605412211044,80,40,50,6,e965079c
208,1.8099292397244595,0.40479899920804036,8.368166382361677,2.507451045234803,8.601614222277812,2.6316270011156018,05_31_202423_53_45_cmd_residual,1717215272,,False,1,9d7ef2ba,2024-06-01_00-14-32,1246.4554057121277,1246.4554057121277,1799252,CICSUNIX-US-003,172.31.105.37,1246.4554057121277,1,0.0025900822770601336,0.12905714660580425,70,90,40,6,9d7ef2ba
209,1.860567374909032,0.4413329798799171,8.368166382361677,2.507451045234803,8.601614222277812,2.6316270011156018,06_01_202400_14_33_cmd_residual,1717216327,,True,1,c2406aa6,2024-06-01_00-32-07,1053.731281042099,1053.731281042099,2010379,CICSUNIX-US-003,172.31.105.37,1053.731281042099,1,0.002427610154942579,0.19568642660356178,80,40,40,6,c2406aa6
210,1.9393889023748483,0.4292239882528806,8.368166382361677,2.507451045234803,8.601614222277812,2.6316270011156018,06_01_202400_32_09_cmd_residual,1717217430,,True,1,d646b856,2024-06-01_00-50-30,1100.972629070282,1100.972629070282,2220430,CICSUNIX-US-003,172.31.105.37,1100.972629070282,1,0.0026642250256970895,0.15457637577080577,70,40,40,6,d646b856
211,1.8558755513230287,0.39966412615056,8.368166382361677,2.507451045234803,8.601614222277812,2.6316270011156018,06_01_202400_50_33_cmd_residual,1717218518,,False,1,b66c4e2b,2024-06-01_01-08-38,1085.0302770137787,1085.0302770137787,2430718,CICSUNIX-US-003,172.31.105.37,1085.0302770137787,1,0.0027124476598983293,0.15422901281764703,70,40,40,6,b66c4e2b
212,1.8916317546933272,0.4303713673750225,8.368166382361677,2.507451045234803,8.601614222277812,2.6316270011156018,06_01_202401_08_40_cmd_residual,1717219613,,True,1,1f55b8ec,2024-06-01_01-26-53,1093.747183084488,1093.747183084488,2640975,CICSUNIX-US-003,172.31.105.37,1093.747183084488,1,0.0019026161341631099,0.1248625509687028,70,40,40,6,1f55b8ec
213,1.8783456484176781,0.4522496720259861,8.368166382361677,2.507451045234803,8.601614222277812,2.6316270011156018,06_01_202401_26_56_cmd_residual,1717220723,,True,1,adf67d24,2024-06-01_01-45-23,1107.0809917449951,1107.0809917449951,2851401,CICSUNIX-US-003,172.31.105.37,1107.0809917449951,1,0.0020390799640116965,0.12467460926213977,70,50,40,6,adf67d24
214,1.8874214219283947,0.45363385749485935,8.368166382361677,2.507451045234803,8.601614222277812,2.6316270011156018,06_01_202401_45_25_cmd_residual,1717221799,,True,1,39ebb3ae,2024-06-01_02-03-19,1074.0261318683624,1074.0261318683624,3061741,CICSUNIX-US-003,172.31.105.37,1074.0261318683624,1,0.0023052872961187485,0.1396227135354437,80,50,40,6,39ebb3ae
215,2.072376805380869,0.5352167052998681,8.368166382361677,2.507451045234803,8.601614222277812,2.6316270011156018,06_01_202402_03_21_cmd_residual,1717223021,,True,1,987c1f5f,2024-06-01_02-23-41,1220.22691488266,1220.22691488266,3271891,CICSUNIX-US-003,172.31.105.37,1220.22691488266,1,0.002248511620802394,0.13150983125671523,80,90,50,6,987c1f5f
216,1.8056088257871672,0.4125484109637504,8.368166382361677,2.507451045234803,8.601614222277812,2.6316270011156018,06_01_202402_23_43_cmd_residual,1717224240,,False,1,a210f756,2024-06-01_02-44-00,1216.927336215973,1216.927336215973,3482806,CICSUNIX-US-003,172.31.105.37,1216.927336215973,1,0.0014045278120308467,0.1623795081348065,80,90,50,6,a210f756
217,1.805081670194919,0.42518406356279914,8.368166382361677,2.507451045234803,8.601614222277812,2.6316270011156018,06_01_202402_44_03_cmd_residual,1717225467,,False,1,f821d7ad,2024-06-01_03-04-27,1224.4964938163757,1224.4964938163757,3693958,CICSUNIX-US-003,172.31.105.37,1224.4964938163757,1,0.001411086048081547,0.1191320776439475,80,70,30,6,f821d7ad
218,1.9311091780986946,0.44762661925650893,8.368166382361677,2.507451045234803,8.601614222277812,2.6316270011156018,06_01_202403_04_29_cmd_residual,1717226624,,True,1,6379f3f6,2024-06-01_03-23-44,1155.043444633484,1155.043444633484,3904961,CICSUNIX-US-003,172.31.105.37,1155.043444633484,1,0.0013887425490081895,0.14343198522132763,80,60,30,6,6379f3f6
219,1.7975772800778356,0.4049843095102768,8.368166382361677,2.507451045234803,8.601614222277812,2.6316270011156018,06_01_202403_23_46_cmd_residual,1717227856,,False,1,5a8d08e0,2024-06-01_03-44-16,1230.1139314174652,1230.1139314174652,4115612,CICSUNIX-US-003,172.31.105.37,1230.1139314174652,1,0.0014040036808650803,0.1175640577552671,80,70,30,6,5a8d08e0
220,1.8042673008682293,0.3996441358218489,8.368166382361677,2.507451045234803,8.601614222277812,2.6316270011156018,06_01_202403_44_18_cmd_residual,1717229042,,False,1,b5146b01,2024-06-01_04-04-02,1183.8490235805511,1183.8490235805511,134054,CICSUNIX-US-003,172.31.105.37,1183.8490235805511,1,0.0013565717545551029,0.17040350527531942,80,70,50,6,b5146b01
221,1.9290777256537166,0.4331072782802181,8.368166382361677,2.507451045234803,8.601614222277812,2.6316270011156018,06_01_202404_04_04_cmd_residual,1717230248,,True,1,c875bc02,2024-06-01_04-24-08,1203.8682689666748,1203.8682689666748,344838,CICSUNIX-US-003,172.31.105.37,1203.8682689666748,1,0.0014043025354801364,0.16955975159998493,80,70,30,6,c875bc02
222,1.856831427469051,0.43968490937413635,8.368166382361677,2.507451045234803,8.601614222277812,2.6316270011156018,06_01_202404_24_10_cmd_residual,1717231425,,False,1,1e783c20,2024-06-01_04-43-45,1175.0044763088226,1175.0044763088226,555672,CICSUNIX-US-003,172.31.105.37,1175.0044763088226,1,0.0014060104614405532,0.17290339076238745,80,70,30,6,1e783c20
223,1.7838958193173424,0.40300001896128307,8.368166382361677,2.507451045234803,8.601614222277812,2.6316270011156018,06_01_202404_43_48_cmd_residual,1717232587,,False,1,0b682f06,2024-06-01_05-03-07,1159.3408238887787,1159.3408238887787,766418,CICSUNIX-US-003,172.31.105.37,1159.3408238887787,1,0.0017758048337824033,0.11936757713496067,80,70,30,6,0b682f06
224,1.8969285278842754,0.45340274418404697,8.368166382361677,2.507451045234803,8.601614222277812,2.6316270011156018,06_01_202405_03_09_cmd_residual,1717233791,,True,1,f7fe5db1,2024-06-01_05-23-11,1202.5807914733887,1202.5807914733887,977026,CICSUNIX-US-003,172.31.105.37,1202.5807914733887,1,0.0016846018973361173,0.16384328211221205,80,70,30,6,f7fe5db1
225,1.9236536527830288,0.4445839792889487,8.368166382361677,2.507451045234803,8.601614222277812,2.6316270011156018,06_01_202405_23_13_cmd_residual,1717234979,,True,1,9c2b02fe,2024-06-01_05-42-59,1186.0213792324066,1186.0213792324066,1187861,CICSUNIX-US-003,172.31.105.37,1186.0213792324066,1,0.001702693856162082,0.16243280745728383,80,70,30,6,9c2b02fe
226,1.8261066261948409,0.43015924287983437,8.368166382361677,2.507451045234803,8.601614222277812,2.6316270011156018,06_01_202405_43_01_cmd_residual,1717236209,,False,1,967de6d5,2024-06-01_06-03-29,1228.22372508049,1228.22372508049,1398619,CICSUNIX-US-003,172.31.105.37,1228.22372508049,1,0.001811747465043473,0.16173974876005076,80,70,30,6,967de6d5
227,1.7862131666568082,0.37053401549438464,8.368166382361677,2.507451045234803,8.601614222277812,2.6316270011156018,06_01_202406_03_31_cmd_residual,1717237342,,False,1,20dd196b,2024-06-01_06-22-22,1131.1327102184296,1131.1327102184296,1609642,CICSUNIX-US-003,172.31.105.37,1131.1327102184296,1,0.001905227577619012,0.1665916082193409,80,70,50,6,20dd196b
228,1.8137440347176892,0.39421062316362976,8.368166382361677,2.507451045234803,8.601614222277812,2.6316270011156018,06_01_202406_22_24_cmd_residual,1717238476,,False,1,e42308f3,2024-06-01_06-41-16,1131.728147983551,1131.728147983551,1820106,CICSUNIX-US-003,172.31.105.37,1131.728147983551,1,0.0019398749687087756,0.11829845606359982,80,70,50,6,e42308f3
229,1.9279769540700569,0.4260330135205119,8.368166382361677,2.507451045234803,8.601614222277812,2.6316270011156018,06_01_202406_41_19_cmd_residual,1717239647,,True,1,111b0daf,2024-06-01_07-00-47,1168.1997063159943,1168.1997063159943,2031242,CICSUNIX-US-003,172.31.105.37,1168.1997063159943,1,0.002004249332310735,0.17286091425998934,80,70,50,6,111b0daf
230,1.8740378643042708,0.41973374839619393,8.368166382361677,2.507451045234803,8.601614222277812,2.6316270011156018,06_01_202407_00_49_cmd_residual,1717240832,,True,1,41bd64c1,2024-06-01_07-20-32,1183.4606456756592,1183.4606456756592,2241913,CICSUNIX-US-003,172.31.105.37,1183.4606456756592,1,0.0019570438210116535,0.17570101083482786,80,70,50,6,41bd64c1
231,1.9022569996439762,0.431322692327812,8.368166382361677,2.507451045234803,8.601614222277812,2.6316270011156018,06_01_202407_20_34_cmd_residual,1717242133,,True,1,c6fe5bef,2024-06-01_07-42-13,1299.193109035492,1299.193109035492,2452649,CICSUNIX-US-003,172.31.105.37,1299.193109035492,1,0.001611129503668059,0.17802758001195262,80,70,50,6,c6fe5bef
232,1.8414576795484991,0.4218238236418516,8.368166382361677,2.507451045234803,8.601614222277812,2.6316270011156018,06_01_202407_42_15_cmd_residual,1717243289,,False,1,be268e56,2024-06-01_08-01-29,1153.9268383979797,1153.9268383979797,2664130,CICSUNIX-US-003,172.31.105.37,1153.9268383979797,1,0.0016322473401320721,0.18588823576294738,80,70,50,6,be268e56
233,2.323094664818435,0.623165999913703,8.368166382361677,2.507451045234803,8.601614222277812,2.6316270011156018,06_01_202408_01_31_cmd_residual,1717244527,,True,1,c2f85820,2024-06-01_08-22-07,1235.6404871940613,1235.6404871940613,2875377,CICSUNIX-US-003,172.31.105.37,1235.6404871940613,1,0.002218055180132016,0.1820617233444765,80,70,50,6,c2f85820
234,2.0201748545861564,0.45018483000600495,8.368166382361677,2.507451045234803,8.601614222277812,2.6316270011156018,06_01_202408_22_08_cmd_residual,1717245718,,True,1,9db86748,2024-06-01_08-41-58,1189.207139492035,1189.207139492035,3086369,CICSUNIX-US-003,172.31.105.37,1189.207139492035,1,0.002171744392151141,0.1690143357161987,80,70,50,6,9db86748
235,2.060750353390694,0.5113448793264898,8.368166382361677,2.507451045234803,8.601614222277812,2.6316270011156018,06_01_202408_42_00_cmd_residual,1717246921,,True,1,4f10b9af,2024-06-01_09-02-01,1201.35653090477,1201.35653090477,3297152,CICSUNIX-US-003,172.31.105.37,1201.35653090477,1,0.0029174466937457455,0.1691163994599626,80,70,50,6,4f10b9af
236,1.968475428832523,0.46479189885379085,8.368166382361677,2.507451045234803,8.601614222277812,2.6316270011156018,06_01_202409_02_03_cmd_residual,1717248062,,True,1,7ea9c7e1,2024-06-01_09-21-02,1139.625083208084,1139.625083208084,3507997,CICSUNIX-US-003,172.31.105.37,1139.625083208084,1,0.0018857279129838047,0.11765244055089086,80,70,50,6,7ea9c7e1
237,1.9419149122691157,0.4834837828182956,8.368166382361677,2.507451045234803,8.601614222277812,2.6316270011156018,06_01_202409_21_04_cmd_residual,1717249226,,True,1,ac09957e,2024-06-01_09-40-26,1161.8735647201538,1161.8735647201538,3718670,CICSUNIX-US-003,172.31.105.37,1161.8735647201538,1,0.0018474547499672928,0.11898997749920522,80,70,50,6,ac09957e
238,1.9925328428285853,0.45282408365521515,8.368166382361677,2.507451045234803,8.601614222277812,2.6316270011156018,06_01_202409_40_28_cmd_residual,1717250442,,True,1,71e8f3c2,2024-06-01_10-00-42,1214.0385830402374,1214.0385830402374,3929321,CICSUNIX-US-003,172.31.105.37,1214.0385830402374,1,0.0013121639982531003,0.1646618680406286,80,70,50,6,71e8f3c2
239,1.8996718693512487,0.44464683407852035,8.368166382361677,2.507451045234803,8.601614222277812,2.6316270011156018,06_01_202410_00_44_cmd_residual,1717251658,,True,1,ed7cdc77,2024-06-01_10-20-58,1213.5862197875977,1213.5862197875977,4140332,CICSUNIX-US-003,172.31.105.37,1213.5862197875977,1,0.0012811839425762174,0.16488324191973694,80,70,50,6,ed7cdc77
240,1.8776295558693714,0.42487290203331635,8.368166382361677,2.507451045234803,8.601614222277812,2.6316270011156018,06_01_202410_20_59_cmd_residual,1717252885,,True,1,73d7d29f,2024-06-01_10-41-25,1225.8252310752869,1225.8252310752869,158587,CICSUNIX-US-003,172.31.105.37,1225.8252310752869,1,0.0026276269909845705,0.1146280866946077,80,70,40,6,73d7d29f
241,2.021464012647778,0.47483234037323885,8.368166382361677,2.507451045234803,8.601614222277812,2.6316270011156018,06_01_202410_41_28_cmd_residual,1717254126,,True,1,34768932,2024-06-01_11-02-06,1237.9521737098694,1237.9521737098694,369653,CICSUNIX-US-003,172.31.105.37,1237.9521737098694,1,0.0024986023288949923,0.11431981404183217,80,70,40,4,34768932
242,1.8522810130865583,0.439465675165936,8.368166382361677,2.507451045234803,8.601614222277812,2.6316270011156018,06_01_202411_02_08_cmd_residual,1717255279,,False,1,2d968483,2024-06-01_11-21-19,1150.8477063179016,1150.8477063179016,580720,CICSUNIX-US-003,172.31.105.37,1150.8477063179016,1,0.001504862254433176,0.11896028311857182,80,70,50,6,2d968483
243,2.0365099659421517,0.5095291721163159,8.368166382361677,2.507451045234803,8.601614222277812,2.6316270011156018,06_01_202411_21_21_cmd_residual,1717256412,,True,1,cc322862,2024-06-01_11-40-12,1130.5562448501587,1130.5562448501587,791310,CICSUNIX-US-003,172.31.105.37,1130.5562448501587,1,0.0014888784005010842,0.11888665119793751,80,70,10,6,cc322862
244,1.8356196632476423,0.42724136117451383,8.368166382361677,2.507451045234803,8.601614222277812,2.6316270011156018,06_01_202411_40_13_cmd_residual,1717257609,,False,1,d5f56739,2024-06-01_12-00-09,1195.824805021286,1195.824805021286,1001812,CICSUNIX-US-003,172.31.105.37,1195.824805021286,1,0.0016751494328261123,0.11134635878759166,80,70,30,6,d5f56739
245,1.934686552481109,0.4412698100266085,8.368166382361677,2.507451045234803,8.601614222277812,2.6316270011156018,06_01_202412_00_11_cmd_residual,1717258851,,True,1,b4848e71,2024-06-01_12-20-51,1239.5637457370758,1239.5637457370758,1212675,CICSUNIX-US-003,172.31.105.37,1239.5637457370758,1,0.00173893933590112,0.11166340050291902,80,70,30,6,b4848e71
246,1.9059834138130258,0.4432112511853859,8.368166382361677,2.507451045234803,8.601614222277812,2.6316270011156018,06_01_202412_20_53_cmd_residual,1717260027,,True,1,09f39981,2024-06-01_12-40-27,1174.639496088028,1174.639496088028,1423745,CICSUNIX-US-003,172.31.105.37,1174.639496088028,1,0.002077742502170765,0.1220661963179118,80,70,50,6,09f39981
247,1.879750847624038,0.4078206437948858,8.368166382361677,2.507451045234803,8.601614222277812,2.6316270011156018,06_01_202412_40_29_cmd_residual,1717261005,,True,1,13cfba00,2024-06-01_12-56-45,976.3185815811157,976.3185815811157,1634471,CICSUNIX-US-003,172.31.105.37,976.3185815811157,1,0.002151835879983204,0.12275326202827617,30,90,50,6,13cfba00
248,1.9518793332833675,0.45905730213537277,8.368166382361677,2.507451045234803,8.601614222277812,2.6316270011156018,06_01_202412_56_47_cmd_residual,1717261978,,True,1,c263d095,2024-06-01_13-12-58,971.5652067661285,971.5652067661285,1844140,CICSUNIX-US-003,172.31.105.37,971.5652067661285,1,0.002144524112670606,0.12200985064277424,30,90,50,6,c263d095
249,1.8449841931655666,0.3900805459686413,8.368166382361677,2.507451045234803,8.601614222277812,2.6316270011156018,06_01_202413_13_00_cmd_residual,1717263084,,False,1,de9c7e3e,2024-06-01_13-31-24,1104.0657086372375,1104.0657086372375,2053705,CICSUNIX-US-003,172.31.105.37,1104.0657086372375,1,0.0012924034877805463,0.05860076687575194,50,90,50,6,de9c7e3e
